"Number","county","fips"
"1","AL, Autauga","01001"
"2","AL, Baldwin","01003"
"3","AL, Barbour","01005"
"4","AL, Bibb","01007"
"5","AL, Blount","01009"
"6","AL, Bullock","01011"
"7","AL, Butler","01013"
"8","AL, Calhoun","01015"
"9","AL, Chambers","01017"
"10","AL, Cherokee","01019"
"11","AL, Chilton","01021"
"12","AL, Choctaw","01023"
"13","AL, Clarke","01025"
"14","AL, Clay","01027"
"15","AL, Cleburne","01029"
"16","AL, Coffee","01031"
"17","AL, Colbert","01033"
"18","AL, Conecuh","01035"
"19","AL, Coosa","01037"
"20","AL, Covington","01039"
"21","AL, Crenshaw","01041"
"22","AL, Cullman","01043"
"23","AL, Dale","01045"
"24","AL, Dallas","01047"
"25","AL, De Kalb","01049"
"26","AL, Elmore","01051"
"27","AL, Escambia","01053"
"28","AL, Etowah","01055"
"29","AL, Fayette","01057"
"30","AL, Franklin","01059"
"31","AL, Geneva","01061"
"32","AL, Greene","01063"
"33","AL, Hale","01065"
"34","AL, Henry","01067"
"35","AL, Houston","01069"
"36","AL, Jackson","01071"
"37","AL, Jefferson","01073"
"38","AL, Lamar","01075"
"39","AL, Lauderdale","01077"
"40","AL, Lawrence","01079"
"41","AL, Lee","01081"
"42","AL, Limestone","01083"
"43","AL, Lowndes","01085"
"44","AL, Macon","01087"
"45","AL, Madison","01089"
"46","AL, Marengo","01091"
"47","AL, Marion","01093"
"48","AL, Marshall","01095"
"49","AL, Mobile","01097"
"50","AL, Monroe","01099"
"51","AL, Montgomery","01101"
"52","AL, Morgan","01103"
"53","AL, Perry","01105"
"54","AL, Pickens","01107"
"55","AL, Pike","01109"
"56","AL, Randolph","01111"
"57","AL, Russell","01113"
"58","AL, St. Clair","01115"
"59","AL, Shelby","01117"
"60","AL, Sumter","01119"
"61","AL, Talladega","01121"
"62","AL, Tallapoosa","01123"
"63","AL, Tuscaloosa","01125"
"64","AL, Walker","01127"
"65","AL, Washington","01129"
"66","AL, Wilcox","01131"
"67","AL, Winston","01133"
"68","AK, Aleutians East","02013"
"69","AK, Aleutians West","02016"
"70","AK, Anchorage","02020"
"71","AK, Bethel","02050"
"72","AK, Bristol Bay","02060"
"73","AK, Denali","02068"
"74","AK, Dillingham","02070"
"75","AK, Fairbanks North Star","02090"
"76","AK, Haines","02100"
"77","AK, Juneau","02110"
"78","AK, Kenai Peninsula","02122"
"79","AK, Ketchikan Gateway","02130"
"80","AK, Kodiak Island","02150"
"81","AK, Lake and Peninsula","02164"
"82","AK, Matanuska-Susitna","02170"
"83","AK, Nome","02180"
"84","AK, North Slope","02185"
"85","AK, Northwest Arctic","02188"
"86","AK, Prince of Wales-Outer Ketchikan","02201"
"87","AK, Sitka","02220"
"88","AK, Skagway-Hoonah-Angoon","02232"
"89","AK, Southeast Fairbanks","02240"
"90","AK, Valdez-Cordova","02261"
"91","AK, Wade Hampton","02270"
"92","AK, Wrangell-Petersburg","02280"
"93","AK, Yakutat","02282"
"94","AK, Yukon-Koyukuk","02290"
"95","AZ, Apache","04001"
"96","AZ, Cochise","04003"
"97","AZ, Coconino","04005"
"98","AZ, Gila","04007"
"99","AZ, Graham","04009"
"100","AZ, Greenlee","04011"
"101","AZ, La Paz","04012"
"102","AZ, Maricopa","04013"
"103","AZ, Mohave","04015"
"104","AZ, Navajo","04017"
"105","AZ, Pima","04019"
"106","AZ, Pinal","04021"
"107","AZ, Santa Cruz","04023"
"108","AZ, Yavapai","04025"
"109","AZ, Yuma","04027"
"110","AR, Arkansas","05001"
"111","AR, Ashley","05003"
"112","AR, Baxter","05005"
"113","AR, Benton","05007"
"114","AR, Boone","05009"
"115","AR, Bradley","05011"
"116","AR, Calhoun","05013"
"117","AR, Carroll","05015"
"118","AR, Chicot","05017"
"119","AR, Clark","05019"
"120","AR, Clay","05021"
"121","AR, Cleburne","05023"
"122","AR, Cleveland","05025"
"123","AR, Columbia","05027"
"124","AR, Conway","05029"
"125","AR, Craighead","05031"
"126","AR, Crawford","05033"
"127","AR, Crittenden","05035"
"128","AR, Cross","05037"
"129","AR, Dallas","05039"
"130","AR, Desha","05041"
"131","AR, Drew","05043"
"132","AR, Faulkner","05045"
"133","AR, Franklin","05047"
"134","AR, Fulton","05049"
"135","AR, Garland","05051"
"136","AR, Grant","05053"
"137","AR, Greene","05055"
"138","AR, Hempstead","05057"
"139","AR, Hot Spring","05059"
"140","AR, Howard","05061"
"141","AR, Independence","05063"
"142","AR, Izard","05065"
"143","AR, Jackson","05067"
"144","AR, Jefferson","05069"
"145","AR, Johnson","05071"
"146","AR, Lafayette","05073"
"147","AR, Lawrence","05075"
"148","AR, Lee","05077"
"149","AR, Lincoln","05079"
"150","AR, Little River","05081"
"151","AR, Logan","05083"
"152","AR, Lonoke","05085"
"153","AR, Madison","05087"
"154","AR, Marion","05089"
"155","AR, Miller","05091"
"156","AR, Mississippi","05093"
"157","AR, Monroe","05095"
"158","AR, Montgomery","05097"
"159","AR, Nevada","05099"
"160","AR, Newton","05101"
"161","AR, Ouachita","05103"
"162","AR, Perry","05105"
"163","AR, Phillips","05107"
"164","AR, Pike","05109"
"165","AR, Poinsett","05111"
"166","AR, Polk","05113"
"167","AR, Pope","05115"
"168","AR, Prairie","05117"
"169","AR, Pulaski","05119"
"170","AR, Randolph","05121"
"171","AR, St. Francis","05123"
"172","AR, Saline","05125"
"173","AR, Scott","05127"
"174","AR, Searcy","05129"
"175","AR, Sebastian","05131"
"176","AR, Sevier","05133"
"177","AR, Sharp","05135"
"178","AR, Stone","05137"
"179","AR, Union","05139"
"180","AR, Van Buren","05141"
"181","AR, Washington","05143"
"182","AR, White","05145"
"183","AR, Woodruff","05147"
"184","AR, Yell","05149"
"185","CA, Alameda","06001"
"186","CA, Alpine","06003"
"187","CA, Amador","06005"
"188","CA, Butte","06007"
"189","CA, Calaveras","06009"
"190","CA, Colusa","06011"
"191","CA, Contra Costa","06013"
"192","CA, Del Norte","06015"
"193","CA, El Dorado","06017"
"194","CA, Fresno","06019"
"195","CA, Glenn","06021"
"196","CA, Humboldt","06023"
"197","CA, Imperial","06025"
"198","CA, Inyo","06027"
"199","CA, Kern","06029"
"200","CA, Kings","06031"
"201","CA, Lake","06033"
"202","CA, Lassen","06035"
"203","CA, Los Angeles","06037"
"204","CA, Madera","06039"
"205","CA, Marin","06041"
"206","CA, Mariposa","06043"
"207","CA, Mendocino","06045"
"208","CA, Merced","06047"
"209","CA, Modoc","06049"
"210","CA, Mono","06051"
"211","CA, Monterey","06053"
"212","CA, Napa","06055"
"213","CA, Nevada","06057"
"214","CA, Orange","06059"
"215","CA, Placer","06061"
"216","CA, Plumas","06063"
"217","CA, Riverside","06065"
"218","CA, Sacramento","06067"
"219","CA, San Benito","06069"
"220","CA, San Bernardino","06071"
"221","CA, San Diego","06073"
"222","CA, San Francisco","06075"
"223","CA, San Joaquin","06077"
"224","CA, San Luis Obispo","06079"
"225","CA, San Mateo","06081"
"226","CA, Santa Barbara","06083"
"227","CA, Santa Clara","06085"
"228","CA, Santa Cruz","06087"
"229","CA, Shasta","06089"
"230","CA, Sierra","06091"
"231","CA, Siskiyou","06093"
"232","CA, Solano","06095"
"233","CA, Sonoma","06097"
"234","CA, Stanislaus","06099"
"235","CA, Sutter","06101"
"236","CA, Tehama","06103"
"237","CA, Trinity","06105"
"238","CA, Tulare","06107"
"239","CA, Tuolumne","06109"
"240","CA, Ventura","06111"
"241","CA, Yolo","06113"
"242","CA, Yuba","06115"
"243","CO, Adams","08001"
"244","CO, Alamosa","08003"
"245","CO, Arapahoe","08005"
"246","CO, Archuleta","08007"
"247","CO, Baca","08009"
"248","CO, Bent","08011"
"249","CO, Boulder","08013"
"250","CO, Chaffee","08015"
"251","CO, Cheyenne","08017"
"252","CO, Clear Creek","08019"
"253","CO, Conejos","08021"
"254","CO, Costilla","08023"
"255","CO, Crowley","08025"
"256","CO, Custer","08027"
"257","CO, Delta","08029"
"258","CO, Denver","08031"
"259","CO, Dolores","08033"
"260","CO, Douglas","08035"
"261","CO, Eagle","08037"
"262","CO, Elbert","08039"
"263","CO, El Paso","08041"
"264","CO, Fremont","08043"
"265","CO, Garfield","08045"
"266","CO, Gilpin","08047"
"267","CO, Grand","08049"
"268","CO, Gunnison","08051"
"269","CO, Hinsdale","08053"
"270","CO, Huerfano","08055"
"271","CO, Jackson","08057"
"272","CO, Jefferson","08059"
"273","CO, Kiowa","08061"
"274","CO, Kit Carson","08063"
"275","CO, Lake","08065"
"276","CO, La Plata","08067"
"277","CO, Larimer","08069"
"278","CO, Las Animas","08071"
"279","CO, Lincoln","08073"
"280","CO, Logan","08075"
"281","CO, Mesa","08077"
"282","CO, Mineral","08079"
"283","CO, Moffat","08081"
"284","CO, Montezuma","08083"
"285","CO, Montrose","08085"
"286","CO, Morgan","08087"
"287","CO, Otero","08089"
"288","CO, Ouray","08091"
"289","CO, Park","08093"
"290","CO, Phillips","08095"
"291","CO, Pitkin","08097"
"292","CO, Prowers","08099"
"293","CO, Pueblo","08101"
"294","CO, Rio Blanco","08103"
"295","CO, Rio Grande","08105"
"296","CO, Routt","08107"
"297","CO, Saguache","08109"
"298","CO, San Juan","08111"
"299","CO, San Miguel","08113"
"300","CO, Sedgwick","08115"
"301","CO, Summit","08117"
"302","CO, Teller","08119"
"303","CO, Washington","08121"
"304","CO, Weld","08123"
"305","CO, Yuma","08125"
"306","CT, Fairfield","09001"
"307","CT, Hartford","09003"
"308","CT, Litchfield","09005"
"309","CT, Middlesex","09007"
"310","CT, New Haven","09009"
"311","CT, New London","09011"
"312","CT, Tolland","09013"
"313","CT, Windham","09015"
"314","DE, Kent","10001"
"315","DE, New Castle","10003"
"316","DE, Sussex","10005"
"317","DC, District of Columbia","11001"
"318","FL, Alachua","12001"
"319","FL, Baker","12003"
"320","FL, Bay","12005"
"321","FL, Bradford","12007"
"322","FL, Brevard","12009"
"323","FL, Broward","12011"
"324","FL, Calhoun","12013"
"325","FL, Charlotte","12015"
"326","FL, Citrus","12017"
"327","FL, Clay","12019"
"328","FL, Collier","12021"
"329","FL, Columbia","12023"
"330","FL, Dade","12025"
"331","FL, De Soto","12027"
"332","FL, Dixie","12029"
"333","FL, Duval","12031"
"334","FL, Escambia","12033"
"335","FL, Flagler","12035"
"336","FL, Franklin","12037"
"337","FL, Gadsden","12039"
"338","FL, Gilchrist","12041"
"339","FL, Glades","12043"
"340","FL, Gulf","12045"
"341","FL, Hamilton","12047"
"342","FL, Hardee","12049"
"343","FL, Hendry","12051"
"344","FL, Hernando","12053"
"345","FL, Highlands","12055"
"346","FL, Hillsborough","12057"
"347","FL, Holmes","12059"
"348","FL, Indian River","12061"
"349","FL, Jackson","12063"
"350","FL, Jefferson","12065"
"351","FL, Lafayette","12067"
"352","FL, Lake","12069"
"353","FL, Lee","12071"
"354","FL, Leon","12073"
"355","FL, Levy","12075"
"356","FL, Liberty","12077"
"357","FL, Madison","12079"
"358","FL, Manatee","12081"
"359","FL, Marion","12083"
"360","FL, Martin","12085"
"361","FL, Monroe","12087"
"362","FL, Nassau","12089"
"363","FL, Okaloosa","12091"
"364","FL, Okeechobee","12093"
"365","FL, Orange","12095"
"366","FL, Osceola","12097"
"367","FL, Palm Beach","12099"
"368","FL, Pasco","12101"
"369","FL, Pinellas","12103"
"370","FL, Polk","12105"
"371","FL, Putnam","12107"
"372","FL, St. Johns","12109"
"373","FL, St. Lucie","12111"
"374","FL, Santa Rosa","12113"
"375","FL, Sarasota","12115"
"376","FL, Seminole","12117"
"377","FL, Sumter","12119"
"378","FL, Suwannee","12121"
"379","FL, Taylor","12123"
"380","FL, Union","12125"
"381","FL, Volusia","12127"
"382","FL, Wakulla","12129"
"383","FL, Walton","12131"
"384","FL, Washington","12133"
"385","GA, Appling","13001"
"386","GA, Atkinson","13003"
"387","GA, Bacon","13005"
"388","GA, Baker","13007"
"389","GA, Baldwin","13009"
"390","GA, Banks","13011"
"391","GA, Barrow","13013"
"392","GA, Bartow","13015"
"393","GA, Ben Hill","13017"
"394","GA, Berrien","13019"
"395","GA, Bibb","13021"
"396","GA, Bleckley","13023"
"397","GA, Brantley","13025"
"398","GA, Brooks","13027"
"399","GA, Bryan","13029"
"400","GA, Bulloch","13031"
"401","GA, Burke","13033"
"402","GA, Butts","13035"
"403","GA, Calhoun","13037"
"404","GA, Camden","13039"
"405","GA, Candler","13043"
"406","GA, Carroll","13045"
"407","GA, Catoosa","13047"
"408","GA, Charlton","13049"
"409","GA, Chatham","13051"
"410","GA, Chattahoochee","13053"
"411","GA, Chattooga","13055"
"412","GA, Cherokee","13057"
"413","GA, Clarke","13059"
"414","GA, Clay","13061"
"415","GA, Clayton","13063"
"416","GA, Clinch","13065"
"417","GA, Cobb","13067"
"418","GA, Coffee","13069"
"419","GA, Colquitt","13071"
"420","GA, Columbia","13073"
"421","GA, Cook","13075"
"422","GA, Coweta","13077"
"423","GA, Crawford","13079"
"424","GA, Crisp","13081"
"425","GA, Dade","13083"
"426","GA, Dawson","13085"
"427","GA, Decatur","13087"
"428","GA, De Kalb","13089"
"429","GA, Dodge","13091"
"430","GA, Dooly","13093"
"431","GA, Dougherty","13095"
"432","GA, Douglas","13097"
"433","GA, Early","13099"
"434","GA, Echols","13101"
"435","GA, Effingham","13103"
"436","GA, Elbert","13105"
"437","GA, Emanuel","13107"
"438","GA, Evans","13109"
"439","GA, Fannin","13111"
"440","GA, Fayette","13113"
"441","GA, Floyd","13115"
"442","GA, Forsyth","13117"
"443","GA, Franklin","13119"
"444","GA, Fulton","13121"
"445","GA, Gilmer","13123"
"446","GA, Glascock","13125"
"447","GA, Glynn","13127"
"448","GA, Gordon","13129"
"449","GA, Grady","13131"
"450","GA, Greene","13133"
"451","GA, Gwinnett","13135"
"452","GA, Habersham","13137"
"453","GA, Hall","13139"
"454","GA, Hancock","13141"
"455","GA, Haralson","13143"
"456","GA, Harris","13145"
"457","GA, Hart","13147"
"458","GA, Heard","13149"
"459","GA, Henry","13151"
"460","GA, Houston","13153"
"461","GA, Irwin","13155"
"462","GA, Jackson","13157"
"463","GA, Jasper","13159"
"464","GA, Jeff Davis","13161"
"465","GA, Jefferson","13163"
"466","GA, Jenkins","13165"
"467","GA, Johnson","13167"
"468","GA, Jones","13169"
"469","GA, Lamar","13171"
"470","GA, Lanier","13173"
"471","GA, Laurens","13175"
"472","GA, Lee","13177"
"473","GA, Liberty","13179"
"474","GA, Lincoln","13181"
"475","GA, Long","13183"
"476","GA, Lowndes","13185"
"477","GA, Lumpkin","13187"
"478","GA, McDuffie","13189"
"479","GA, McIntosh","13191"
"480","GA, Macon","13193"
"481","GA, Madison","13195"
"482","GA, Marion","13197"
"483","GA, Meriwether","13199"
"484","GA, Miller","13201"
"485","GA, Mitchell","13205"
"486","GA, Monroe","13207"
"487","GA, Montgomery","13209"
"488","GA, Morgan","13211"
"489","GA, Murray","13213"
"490","GA, Muscogee","13215"
"491","GA, Newton","13217"
"492","GA, Oconee","13219"
"493","GA, Oglethorpe","13221"
"494","GA, Paulding","13223"
"495","GA, Peach","13225"
"496","GA, Pickens","13227"
"497","GA, Pierce","13229"
"498","GA, Pike","13231"
"499","GA, Polk","13233"
"500","GA, Pulaski","13235"
"501","GA, Putnam","13237"
"502","GA, Quitman","13239"
"503","GA, Rabun","13241"
"504","GA, Randolph","13243"
"505","GA, Richmond","13245"
"506","GA, Rockdale","13247"
"507","GA, Schley","13249"
"508","GA, Screven","13251"
"509","GA, Seminole","13253"
"510","GA, Spalding","13255"
"511","GA, Stephens","13257"
"512","GA, Stewart","13259"
"513","GA, Sumter","13261"
"514","GA, Talbot","13263"
"515","GA, Taliaferro","13265"
"516","GA, Tattnall","13267"
"517","GA, Taylor","13269"
"518","GA, Telfair","13271"
"519","GA, Terrell","13273"
"520","GA, Thomas","13275"
"521","GA, Tift","13277"
"522","GA, Toombs","13279"
"523","GA, Towns","13281"
"524","GA, Treutlen","13283"
"525","GA, Troup","13285"
"526","GA, Turner","13287"
"527","GA, Twiggs","13289"
"528","GA, Union","13291"
"529","GA, Upson","13293"
"530","GA, Walker","13295"
"531","GA, Walton","13297"
"532","GA, Ware","13299"
"533","GA, Warren","13301"
"534","GA, Washington","13303"
"535","GA, Wayne","13305"
"536","GA, Webster","13307"
"537","GA, Wheeler","13309"
"538","GA, White","13311"
"539","GA, Whitfield","13313"
"540","GA, Wilcox","13315"
"541","GA, Wilkes","13317"
"542","GA, Wilkinson","13319"
"543","GA, Worth","13321"
"544","HI, Hawaii","15001"
"545","HI, Honolulu","15003"
"546","HI, Kalawao","15005"
"547","HI, Kauai","15007"
"548","HI, Maui","15009"
"549","ID, Ada","16001"
"550","ID, Adams","16003"
"551","ID, Bannock","16005"
"552","ID, Bear Lake","16007"
"553","ID, Benewah","16009"
"554","ID, Bingham","16011"
"555","ID, Blaine","16013"
"556","ID, Boise","16015"
"557","ID, Bonner","16017"
"558","ID, Bonneville","16019"
"559","ID, Boundary","16021"
"560","ID, Butte","16023"
"561","ID, Camas","16025"
"562","ID, Canyon","16027"
"563","ID, Caribou","16029"
"564","ID, Cassia","16031"
"565","ID, Clark","16033"
"566","ID, Clearwater","16035"
"567","ID, Custer","16037"
"568","ID, Elmore","16039"
"569","ID, Franklin","16041"
"570","ID, Fremont","16043"
"571","ID, Gem","16045"
"572","ID, Gooding","16047"
"573","ID, Idaho","16049"
"574","ID, Jefferson","16051"
"575","ID, Jerome","16053"
"576","ID, Kootenai","16055"
"577","ID, Latah","16057"
"578","ID, Lemhi","16059"
"579","ID, Lewis","16061"
"580","ID, Lincoln","16063"
"581","ID, Madison","16065"
"582","ID, Minidoka","16067"
"583","ID, Nez Perce","16069"
"584","ID, Oneida","16071"
"585","ID, Owyhee","16073"
"586","ID, Payette","16075"
"587","ID, Power","16077"
"588","ID, Shoshone","16079"
"589","ID, Teton","16081"
"590","ID, Twin Falls","16083"
"591","ID, Valley","16085"
"592","ID, Washington","16087"
"593","IL, Adams","17001"
"594","IL, Alexander","17003"
"595","IL, Bond","17005"
"596","IL, Boone","17007"
"597","IL, Brown","17009"
"598","IL, Bureau","17011"
"599","IL, Calhoun","17013"
"600","IL, Carroll","17015"
"601","IL, Cass","17017"
"602","IL, Champaign","17019"
"603","IL, Christian","17021"
"604","IL, Clark","17023"
"605","IL, Clay","17025"
"606","IL, Clinton","17027"
"607","IL, Coles","17029"
"608","IL, Cook","17031"
"609","IL, Crawford","17033"
"610","IL, Cumberland","17035"
"611","IL, DeKalb","17037"
"612","IL, De Witt","17039"
"613","IL, Douglas","17041"
"614","IL, DuPage","17043"
"615","IL, Edgar","17045"
"616","IL, Edwards","17047"
"617","IL, Effingham","17049"
"618","IL, Fayette","17051"
"619","IL, Ford","17053"
"620","IL, Franklin","17055"
"621","IL, Fulton","17057"
"622","IL, Gallatin","17059"
"623","IL, Greene","17061"
"624","IL, Grundy","17063"
"625","IL, Hamilton","17065"
"626","IL, Hancock","17067"
"627","IL, Hardin","17069"
"628","IL, Henderson","17071"
"629","IL, Henry","17073"
"630","IL, Iroquois","17075"
"631","IL, Jackson","17077"
"632","IL, Jasper","17079"
"633","IL, Jefferson","17081"
"634","IL, Jersey","17083"
"635","IL, Jo Daviess","17085"
"636","IL, Johnson","17087"
"637","IL, Kane","17089"
"638","IL, Kankakee","17091"
"639","IL, Kendall","17093"
"640","IL, Knox","17095"
"641","IL, Lake","17097"
"642","IL, La Salle","17099"
"643","IL, Lawrence","17101"
"644","IL, Lee","17103"
"645","IL, Livingston","17105"
"646","IL, Logan","17107"
"647","IL, McDonough","17109"
"648","IL, McHenry","17111"
"649","IL, McLean","17113"
"650","IL, Macon","17115"
"651","IL, Macoupin","17117"
"652","IL, Madison","17119"
"653","IL, Marion","17121"
"654","IL, Marshall","17123"
"655","IL, Mason","17125"
"656","IL, Massac","17127"
"657","IL, Menard","17129"
"658","IL, Mercer","17131"
"659","IL, Monroe","17133"
"660","IL, Montgomery","17135"
"661","IL, Morgan","17137"
"662","IL, Moultrie","17139"
"663","IL, Ogle","17141"
"664","IL, Peoria","17143"
"665","IL, Perry","17145"
"666","IL, Piatt","17147"
"667","IL, Pike","17149"
"668","IL, Pope","17151"
"669","IL, Pulaski","17153"
"670","IL, Putnam","17155"
"671","IL, Randolph","17157"
"672","IL, Richland","17159"
"673","IL, Rock Island","17161"
"674","IL, St. Clair","17163"
"675","IL, Saline","17165"
"676","IL, Sangamon","17167"
"677","IL, Schuyler","17169"
"678","IL, Scott","17171"
"679","IL, Shelby","17173"
"680","IL, Stark","17175"
"681","IL, Stephenson","17177"
"682","IL, Tazewell","17179"
"683","IL, Union","17181"
"684","IL, Vermilion","17183"
"685","IL, Wabash","17185"
"686","IL, Warren","17187"
"687","IL, Washington","17189"
"688","IL, Wayne","17191"
"689","IL, White","17193"
"690","IL, Whiteside","17195"
"691","IL, Will","17197"
"692","IL, Williamson","17199"
"693","IL, Winnebago","17201"
"694","IL, Woodford","17203"
"695","IN, Adams","18001"
"696","IN, Allen","18003"
"697","IN, Bartholomew","18005"
"698","IN, Benton","18007"
"699","IN, Blackford","18009"
"700","IN, Boone","18011"
"701","IN, Brown","18013"
"702","IN, Carroll","18015"
"703","IN, Cass","18017"
"704","IN, Clark","18019"
"705","IN, Clay","18021"
"706","IN, Clinton","18023"
"707","IN, Crawford","18025"
"708","IN, Daviess","18027"
"709","IN, Dearborn","18029"
"710","IN, Decatur","18031"
"711","IN, De Kalb","18033"
"712","IN, Delaware","18035"
"713","IN, Dubois","18037"
"714","IN, Elkhart","18039"
"715","IN, Fayette","18041"
"716","IN, Floyd","18043"
"717","IN, Fountain","18045"
"718","IN, Franklin","18047"
"719","IN, Fulton","18049"
"720","IN, Gibson","18051"
"721","IN, Grant","18053"
"722","IN, Greene","18055"
"723","IN, Hamilton","18057"
"724","IN, Hancock","18059"
"725","IN, Harrison","18061"
"726","IN, Hendricks","18063"
"727","IN, Henry","18065"
"728","IN, Howard","18067"
"729","IN, Huntington","18069"
"730","IN, Jackson","18071"
"731","IN, Jasper","18073"
"732","IN, Jay","18075"
"733","IN, Jefferson","18077"
"734","IN, Jennings","18079"
"735","IN, Johnson","18081"
"736","IN, Knox","18083"
"737","IN, Kosciusko","18085"
"738","IN, Lagrange","18087"
"739","IN, Lake","18089"
"740","IN, La Porte","18091"
"741","IN, Lawrence","18093"
"742","IN, Madison","18095"
"743","IN, Marion","18097"
"744","IN, Marshall","18099"
"745","IN, Martin","18101"
"746","IN, Miami","18103"
"747","IN, Monroe","18105"
"748","IN, Montgomery","18107"
"749","IN, Morgan","18109"
"750","IN, Newton","18111"
"751","IN, Noble","18113"
"752","IN, Ohio","18115"
"753","IN, Orange","18117"
"754","IN, Owen","18119"
"755","IN, Parke","18121"
"756","IN, Perry","18123"
"757","IN, Pike","18125"
"758","IN, Porter","18127"
"759","IN, Posey","18129"
"760","IN, Pulaski","18131"
"761","IN, Putnam","18133"
"762","IN, Randolph","18135"
"763","IN, Ripley","18137"
"764","IN, Rush","18139"
"765","IN, St. Joseph","18141"
"766","IN, Scott","18143"
"767","IN, Shelby","18145"
"768","IN, Spencer","18147"
"769","IN, Starke","18149"
"770","IN, Steuben","18151"
"771","IN, Sullivan","18153"
"772","IN, Switzerland","18155"
"773","IN, Tippecanoe","18157"
"774","IN, Tipton","18159"
"775","IN, Union","18161"
"776","IN, Vanderburgh","18163"
"777","IN, Vermillion","18165"
"778","IN, Vigo","18167"
"779","IN, Wabash","18169"
"780","IN, Warren","18171"
"781","IN, Warrick","18173"
"782","IN, Washington","18175"
"783","IN, Wayne","18177"
"784","IN, Wells","18179"
"785","IN, White","18181"
"786","IN, Whitley","18183"
"787","IA, Adair","19001"
"788","IA, Adams","19003"
"789","IA, Allamakee","19005"
"790","IA, Appanoose","19007"
"791","IA, Audubon","19009"
"792","IA, Benton","19011"
"793","IA, Black Hawk","19013"
"794","IA, Boone","19015"
"795","IA, Bremer","19017"
"796","IA, Buchanan","19019"
"797","IA, Buena Vista","19021"
"798","IA, Butler","19023"
"799","IA, Calhoun","19025"
"800","IA, Carroll","19027"
"801","IA, Cass","19029"
"802","IA, Cedar","19031"
"803","IA, Cerro Gordo","19033"
"804","IA, Cherokee","19035"
"805","IA, Chickasaw","19037"
"806","IA, Clarke","19039"
"807","IA, Clay","19041"
"808","IA, Clayton","19043"
"809","IA, Clinton","19045"
"810","IA, Crawford","19047"
"811","IA, Dallas","19049"
"812","IA, Davis","19051"
"813","IA, Decatur","19053"
"814","IA, Delaware","19055"
"815","IA, Des Moines","19057"
"816","IA, Dickinson","19059"
"817","IA, Dubuque","19061"
"818","IA, Emmet","19063"
"819","IA, Fayette","19065"
"820","IA, Floyd","19067"
"821","IA, Franklin","19069"
"822","IA, Fremont","19071"
"823","IA, Greene","19073"
"824","IA, Grundy","19075"
"825","IA, Guthrie","19077"
"826","IA, Hamilton","19079"
"827","IA, Hancock","19081"
"828","IA, Hardin","19083"
"829","IA, Harrison","19085"
"830","IA, Henry","19087"
"831","IA, Howard","19089"
"832","IA, Humboldt","19091"
"833","IA, Ida","19093"
"834","IA, Iowa","19095"
"835","IA, Jackson","19097"
"836","IA, Jasper","19099"
"837","IA, Jefferson","19101"
"838","IA, Johnson","19103"
"839","IA, Jones","19105"
"840","IA, Keokuk","19107"
"841","IA, Kossuth","19109"
"842","IA, Lee","19111"
"843","IA, Linn","19113"
"844","IA, Louisa","19115"
"845","IA, Lucas","19117"
"846","IA, Lyon","19119"
"847","IA, Madison","19121"
"848","IA, Mahaska","19123"
"849","IA, Marion","19125"
"850","IA, Marshall","19127"
"851","IA, Mills","19129"
"852","IA, Mitchell","19131"
"853","IA, Monona","19133"
"854","IA, Monroe","19135"
"855","IA, Montgomery","19137"
"856","IA, Muscatine","19139"
"857","IA, O'Brien","19141"
"858","IA, Osceola","19143"
"859","IA, Page","19145"
"860","IA, Palo Alto","19147"
"861","IA, Plymouth","19149"
"862","IA, Pocahontas","19151"
"863","IA, Polk","19153"
"864","IA, Pottawattamie","19155"
"865","IA, Poweshiek","19157"
"866","IA, Ringgold","19159"
"867","IA, Sac","19161"
"868","IA, Scott","19163"
"869","IA, Shelby","19165"
"870","IA, Sioux","19167"
"871","IA, Story","19169"
"872","IA, Tama","19171"
"873","IA, Taylor","19173"
"874","IA, Union","19175"
"875","IA, Van Buren","19177"
"876","IA, Wapello","19179"
"877","IA, Warren","19181"
"878","IA, Washington","19183"
"879","IA, Wayne","19185"
"880","IA, Webster","19187"
"881","IA, Winnebago","19189"
"882","IA, Winneshiek","19191"
"883","IA, Woodbury","19193"
"884","IA, Worth","19195"
"885","IA, Wright","19197"
"886","KS, Allen","20001"
"887","KS, Anderson","20003"
"888","KS, Atchison","20005"
"889","KS, Barber","20007"
"890","KS, Barton","20009"
"891","KS, Bourbon","20011"
"892","KS, Brown","20013"
"893","KS, Butler","20015"
"894","KS, Chase","20017"
"895","KS, Chautauqua","20019"
"896","KS, Cherokee","20021"
"897","KS, Cheyenne","20023"
"898","KS, Clark","20025"
"899","KS, Clay","20027"
"900","KS, Cloud","20029"
"901","KS, Coffey","20031"
"902","KS, Comanche","20033"
"903","KS, Cowley","20035"
"904","KS, Crawford","20037"
"905","KS, Decatur","20039"
"906","KS, Dickinson","20041"
"907","KS, Doniphan","20043"
"908","KS, Douglas","20045"
"909","KS, Edwards","20047"
"910","KS, Elk","20049"
"911","KS, Ellis","20051"
"912","KS, Ellsworth","20053"
"913","KS, Finney","20055"
"914","KS, Ford","20057"
"915","KS, Franklin","20059"
"916","KS, Geary","20061"
"917","KS, Gove","20063"
"918","KS, Graham","20065"
"919","KS, Grant","20067"
"920","KS, Gray","20069"
"921","KS, Greeley","20071"
"922","KS, Greenwood","20073"
"923","KS, Hamilton","20075"
"924","KS, Harper","20077"
"925","KS, Harvey","20079"
"926","KS, Haskell","20081"
"927","KS, Hodgeman","20083"
"928","KS, Jackson","20085"
"929","KS, Jefferson","20087"
"930","KS, Jewell","20089"
"931","KS, Johnson","20091"
"932","KS, Kearny","20093"
"933","KS, Kingman","20095"
"934","KS, Kiowa","20097"
"935","KS, Labette","20099"
"936","KS, Lane","20101"
"937","KS, Leavenworth","20103"
"938","KS, Lincoln","20105"
"939","KS, Linn","20107"
"940","KS, Logan","20109"
"941","KS, Lyon","20111"
"942","KS, McPherson","20113"
"943","KS, Marion","20115"
"944","KS, Marshall","20117"
"945","KS, Meade","20119"
"946","KS, Miami","20121"
"947","KS, Mitchell","20123"
"948","KS, Montgomery","20125"
"949","KS, Morris","20127"
"950","KS, Morton","20129"
"951","KS, Nemaha","20131"
"952","KS, Neosho","20133"
"953","KS, Ness","20135"
"954","KS, Norton","20137"
"955","KS, Osage","20139"
"956","KS, Osborne","20141"
"957","KS, Ottawa","20143"
"958","KS, Pawnee","20145"
"959","KS, Phillips","20147"
"960","KS, Pottawatomie","20149"
"961","KS, Pratt","20151"
"962","KS, Rawlins","20153"
"963","KS, Reno","20155"
"964","KS, Republic","20157"
"965","KS, Rice","20159"
"966","KS, Riley","20161"
"967","KS, Rooks","20163"
"968","KS, Rush","20165"
"969","KS, Russell","20167"
"970","KS, Saline","20169"
"971","KS, Scott","20171"
"972","KS, Sedgwick","20173"
"973","KS, Seward","20175"
"974","KS, Shawnee","20177"
"975","KS, Sheridan","20179"
"976","KS, Sherman","20181"
"977","KS, Smith","20183"
"978","KS, Stafford","20185"
"979","KS, Stanton","20187"
"980","KS, Stevens","20189"
"981","KS, Sumner","20191"
"982","KS, Thomas","20193"
"983","KS, Trego","20195"
"984","KS, Wabaunsee","20197"
"985","KS, Wallace","20199"
"986","KS, Washington","20201"
"987","KS, Wichita","20203"
"988","KS, Wilson","20205"
"989","KS, Woodson","20207"
"990","KS, Wyandotte","20209"
"991","KY, Adair","21001"
"992","KY, Allen","21003"
"993","KY, Anderson","21005"
"994","KY, Ballard","21007"
"995","KY, Barren","21009"
"996","KY, Bath","21011"
"997","KY, Bell","21013"
"998","KY, Boone","21015"
"999","KY, Bourbon","21017"
"1000","KY, Boyd","21019"
"1001","KY, Boyle","21021"
"1002","KY, Bracken","21023"
"1003","KY, Breathitt","21025"
"1004","KY, Breckinridge","21027"
"1005","KY, Bullitt","21029"
"1006","KY, Butler","21031"
"1007","KY, Caldwell","21033"
"1008","KY, Calloway","21035"
"1009","KY, Campbell","21037"
"1010","KY, Carlisle","21039"
"1011","KY, Carroll","21041"
"1012","KY, Carter","21043"
"1013","KY, Casey","21045"
"1014","KY, Christian","21047"
"1015","KY, Clark","21049"
"1016","KY, Clay","21051"
"1017","KY, Clinton","21053"
"1018","KY, Crittenden","21055"
"1019","KY, Cumberland","21057"
"1020","KY, Daviess","21059"
"1021","KY, Edmonson","21061"
"1022","KY, Elliott","21063"
"1023","KY, Estill","21065"
"1024","KY, Fayette","21067"
"1025","KY, Fleming","21069"
"1026","KY, Floyd","21071"
"1027","KY, Franklin","21073"
"1028","KY, Fulton","21075"
"1029","KY, Gallatin","21077"
"1030","KY, Garrard","21079"
"1031","KY, Grant","21081"
"1032","KY, Graves","21083"
"1033","KY, Grayson","21085"
"1034","KY, Green","21087"
"1035","KY, Greenup","21089"
"1036","KY, Hancock","21091"
"1037","KY, Hardin","21093"
"1038","KY, Harlan","21095"
"1039","KY, Harrison","21097"
"1040","KY, Hart","21099"
"1041","KY, Henderson","21101"
"1042","KY, Henry","21103"
"1043","KY, Hickman","21105"
"1044","KY, Hopkins","21107"
"1045","KY, Jackson","21109"
"1046","KY, Jefferson","21111"
"1047","KY, Jessamine","21113"
"1048","KY, Johnson","21115"
"1049","KY, Kenton","21117"
"1050","KY, Knott","21119"
"1051","KY, Knox","21121"
"1052","KY, Larue","21123"
"1053","KY, Laurel","21125"
"1054","KY, Lawrence","21127"
"1055","KY, Lee","21129"
"1056","KY, Leslie","21131"
"1057","KY, Letcher","21133"
"1058","KY, Lewis","21135"
"1059","KY, Lincoln","21137"
"1060","KY, Livingston","21139"
"1061","KY, Logan","21141"
"1062","KY, Lyon","21143"
"1063","KY, McCracken","21145"
"1064","KY, McCreary","21147"
"1065","KY, McLean","21149"
"1066","KY, Madison","21151"
"1067","KY, Magoffin","21153"
"1068","KY, Marion","21155"
"1069","KY, Marshall","21157"
"1070","KY, Martin","21159"
"1071","KY, Mason","21161"
"1072","KY, Meade","21163"
"1073","KY, Menifee","21165"
"1074","KY, Mercer","21167"
"1075","KY, Metcalfe","21169"
"1076","KY, Monroe","21171"
"1077","KY, Montgomery","21173"
"1078","KY, Morgan","21175"
"1079","KY, Muhlenberg","21177"
"1080","KY, Nelson","21179"
"1081","KY, Nicholas","21181"
"1082","KY, Ohio","21183"
"1083","KY, Oldham","21185"
"1084","KY, Owen","21187"
"1085","KY, Owsley","21189"
"1086","KY, Pendleton","21191"
"1087","KY, Perry","21193"
"1088","KY, Pike","21195"
"1089","KY, Powell","21197"
"1090","KY, Pulaski","21199"
"1091","KY, Robertson","21201"
"1092","KY, Rockcastle","21203"
"1093","KY, Rowan","21205"
"1094","KY, Russell","21207"
"1095","KY, Scott","21209"
"1096","KY, Shelby","21211"
"1097","KY, Simpson","21213"
"1098","KY, Spencer","21215"
"1099","KY, Taylor","21217"
"1100","KY, Todd","21219"
"1101","KY, Trigg","21221"
"1102","KY, Trimble","21223"
"1103","KY, Union","21225"
"1104","KY, Warren","21227"
"1105","KY, Washington","21229"
"1106","KY, Wayne","21231"
"1107","KY, Webster","21233"
"1108","KY, Whitley","21235"
"1109","KY, Wolfe","21237"
"1110","KY, Woodford","21239"
"1111","LA, Acadia","22001"
"1112","LA, Allen","22003"
"1113","LA, Ascension","22005"
"1114","LA, Assumption","22007"
"1115","LA, Avoyelles","22009"
"1116","LA, Beauregard","22011"
"1117","LA, Bienville","22013"
"1118","LA, Bossier","22015"
"1119","LA, Caddo","22017"
"1120","LA, Calcasieu","22019"
"1121","LA, Caldwell","22021"
"1122","LA, Cameron","22023"
"1123","LA, Catahoula","22025"
"1124","LA, Claiborne","22027"
"1125","LA, Concordia","22029"
"1126","LA, De Soto","22031"
"1127","LA, East Baton Rouge","22033"
"1128","LA, East Carroll","22035"
"1129","LA, East Feliciana","22037"
"1130","LA, Evangeline","22039"
"1131","LA, Franklin","22041"
"1132","LA, Grant","22043"
"1133","LA, Iberia","22045"
"1134","LA, Iberville","22047"
"1135","LA, Jackson","22049"
"1136","LA, Jefferson","22051"
"1137","LA, Jefferson Davis","22053"
"1138","LA, Lafayette","22055"
"1139","LA, Lafourche","22057"
"1140","LA, La Salle","22059"
"1141","LA, Lincoln","22061"
"1142","LA, Livingston","22063"
"1143","LA, Madison","22065"
"1144","LA, Morehouse","22067"
"1145","LA, Natchitoches","22069"
"1146","LA, Orleans","22071"
"1147","LA, Ouachita","22073"
"1148","LA, Plaquemines","22075"
"1149","LA, Pointe Coupee","22077"
"1150","LA, Rapides","22079"
"1151","LA, Red River","22081"
"1152","LA, Richland","22083"
"1153","LA, Sabine","22085"
"1154","LA, St. Bernard","22087"
"1155","LA, St. Charles","22089"
"1156","LA, St. Helena","22091"
"1157","LA, St. James","22093"
"1158","LA, St. John the Baptist","22095"
"1159","LA, St. Landry","22097"
"1160","LA, St. Martin","22099"
"1161","LA, St. Mary","22101"
"1162","LA, St. Tammany","22103"
"1163","LA, Tangipahoa","22105"
"1164","LA, Tensas","22107"
"1165","LA, Terrebonne","22109"
"1166","LA, Union","22111"
"1167","LA, Vermilion","22113"
"1168","LA, Vernon","22115"
"1169","LA, Washington","22117"
"1170","LA, Webster","22119"
"1171","LA, West Baton Rouge","22121"
"1172","LA, West Carroll","22123"
"1173","LA, West Feliciana","22125"
"1174","LA, Winn","22127"
"1175","ME, Androscoggin","23001"
"1176","ME, Aroostook","23003"
"1177","ME, Cumberland","23005"
"1178","ME, Franklin","23007"
"1179","ME, Hancock","23009"
"1180","ME, Kennebec","23011"
"1181","ME, Knox","23013"
"1182","ME, Lincoln","23015"
"1183","ME, Oxford","23017"
"1184","ME, Penobscot","23019"
"1185","ME, Piscataquis","23021"
"1186","ME, Sagadahoc","23023"
"1187","ME, Somerset","23025"
"1188","ME, Waldo","23027"
"1189","ME, Washington","23029"
"1190","ME, York","23031"
"1191","MD, Allegany","24001"
"1192","MD, Anne Arundel","24003"
"1193","MD, Baltimore","24005"
"1194","MD, Calvert","24009"
"1195","MD, Caroline","24011"
"1196","MD, Carroll","24013"
"1197","MD, Cecil","24015"
"1198","MD, Charles","24017"
"1199","MD, Dorchester","24019"
"1200","MD, Frederick","24021"
"1201","MD, Garrett","24023"
"1202","MD, Harford","24025"
"1203","MD, Howard","24027"
"1204","MD, Kent","24029"
"1205","MD, Montgomery","24031"
"1206","MD, Prince George's","24033"
"1207","MD, Queen Anne's","24035"
"1208","MD, St. Mary's","24037"
"1209","MD, Somerset","24039"
"1210","MD, Talbot","24041"
"1211","MD, Washington","24043"
"1212","MD, Wicomico","24045"
"1213","MD, Worcester","24047"
"1214","MD, Baltimore city","24510"
"1215","MA, Barnstable","25001"
"1216","MA, Berkshire","25003"
"1217","MA, Bristol","25005"
"1218","MA, Dukes","25007"
"1219","MA, Essex","25009"
"1220","MA, Franklin","25011"
"1221","MA, Hampden","25013"
"1222","MA, Hampshire","25015"
"1223","MA, Middlesex","25017"
"1224","MA, Nantucket","25019"
"1225","MA, Norfolk","25021"
"1226","MA, Plymouth","25023"
"1227","MA, Suffolk","25025"
"1228","MA, Worcester","25027"
"1229","MI, Alcona","26001"
"1230","MI, Alger","26003"
"1231","MI, Allegan","26005"
"1232","MI, Alpena","26007"
"1233","MI, Antrim","26009"
"1234","MI, Arenac","26011"
"1235","MI, Baraga","26013"
"1236","MI, Barry","26015"
"1237","MI, Bay","26017"
"1238","MI, Benzie","26019"
"1239","MI, Berrien","26021"
"1240","MI, Branch","26023"
"1241","MI, Calhoun","26025"
"1242","MI, Cass","26027"
"1243","MI, Charlevoix","26029"
"1244","MI, Cheboygan","26031"
"1245","MI, Chippewa","26033"
"1246","MI, Clare","26035"
"1247","MI, Clinton","26037"
"1248","MI, Crawford","26039"
"1249","MI, Delta","26041"
"1250","MI, Dickinson","26043"
"1251","MI, Eaton","26045"
"1252","MI, Emmet","26047"
"1253","MI, Genesee","26049"
"1254","MI, Gladwin","26051"
"1255","MI, Gogebic","26053"
"1256","MI, Grand Traverse","26055"
"1257","MI, Gratiot","26057"
"1258","MI, Hillsdale","26059"
"1259","MI, Houghton","26061"
"1260","MI, Huron","26063"
"1261","MI, Ingham","26065"
"1262","MI, Ionia","26067"
"1263","MI, Iosco","26069"
"1264","MI, Iron","26071"
"1265","MI, Isabella","26073"
"1266","MI, Jackson","26075"
"1267","MI, Kalamazoo","26077"
"1268","MI, Kalkaska","26079"
"1269","MI, Kent","26081"
"1270","MI, Keweenaw","26083"
"1271","MI, Lake","26085"
"1272","MI, Lapeer","26087"
"1273","MI, Leelanau","26089"
"1274","MI, Lenawee","26091"
"1275","MI, Livingston","26093"
"1276","MI, Luce","26095"
"1277","MI, Mackinac","26097"
"1278","MI, Macomb","26099"
"1279","MI, Manistee","26101"
"1280","MI, Marquette","26103"
"1281","MI, Mason","26105"
"1282","MI, Mecosta","26107"
"1283","MI, Menominee","26109"
"1284","MI, Midland","26111"
"1285","MI, Missaukee","26113"
"1286","MI, Monroe","26115"
"1287","MI, Montcalm","26117"
"1288","MI, Montmorency","26119"
"1289","MI, Muskegon","26121"
"1290","MI, Newaygo","26123"
"1291","MI, Oakland","26125"
"1292","MI, Oceana","26127"
"1293","MI, Ogemaw","26129"
"1294","MI, Ontonagon","26131"
"1295","MI, Osceola","26133"
"1296","MI, Oscoda","26135"
"1297","MI, Otsego","26137"
"1298","MI, Ottawa","26139"
"1299","MI, Presque Isle","26141"
"1300","MI, Roscommon","26143"
"1301","MI, Saginaw","26145"
"1302","MI, St. Clair","26147"
"1303","MI, St. Joseph","26149"
"1304","MI, Sanilac","26151"
"1305","MI, Schoolcraft","26153"
"1306","MI, Shiawassee","26155"
"1307","MI, Tuscola","26157"
"1308","MI, Van Buren","26159"
"1309","MI, Washtenaw","26161"
"1310","MI, Wayne","26163"
"1311","MI, Wexford","26165"
"1312","MN, Aitkin","27001"
"1313","MN, Anoka","27003"
"1314","MN, Becker","27005"
"1315","MN, Beltrami","27007"
"1316","MN, Benton","27009"
"1317","MN, Big Stone","27011"
"1318","MN, Blue Earth","27013"
"1319","MN, Brown","27015"
"1320","MN, Carlton","27017"
"1321","MN, Carver","27019"
"1322","MN, Cass","27021"
"1323","MN, Chippewa","27023"
"1324","MN, Chisago","27025"
"1325","MN, Clay","27027"
"1326","MN, Clearwater","27029"
"1327","MN, Cook","27031"
"1328","MN, Cottonwood","27033"
"1329","MN, Crow Wing","27035"
"1330","MN, Dakota","27037"
"1331","MN, Dodge","27039"
"1332","MN, Douglas","27041"
"1333","MN, Faribault","27043"
"1334","MN, Fillmore","27045"
"1335","MN, Freeborn","27047"
"1336","MN, Goodhue","27049"
"1337","MN, Grant","27051"
"1338","MN, Hennepin","27053"
"1339","MN, Houston","27055"
"1340","MN, Hubbard","27057"
"1341","MN, Isanti","27059"
"1342","MN, Itasca","27061"
"1343","MN, Jackson","27063"
"1344","MN, Kanabec","27065"
"1345","MN, Kandiyohi","27067"
"1346","MN, Kittson","27069"
"1347","MN, Koochiching","27071"
"1348","MN, Lac qui Parle","27073"
"1349","MN, Lake","27075"
"1350","MN, Lake of the Woods","27077"
"1351","MN, Le Sueur","27079"
"1352","MN, Lincoln","27081"
"1353","MN, Lyon","27083"
"1354","MN, McLeod","27085"
"1355","MN, Mahnomen","27087"
"1356","MN, Marshall","27089"
"1357","MN, Martin","27091"
"1358","MN, Meeker","27093"
"1359","MN, Mille Lacs","27095"
"1360","MN, Morrison","27097"
"1361","MN, Mower","27099"
"1362","MN, Murray","27101"
"1363","MN, Nicollet","27103"
"1364","MN, Nobles","27105"
"1365","MN, Norman","27107"
"1366","MN, Olmsted","27109"
"1367","MN, Otter Tail","27111"
"1368","MN, Pennington","27113"
"1369","MN, Pine","27115"
"1370","MN, Pipestone","27117"
"1371","MN, Polk","27119"
"1372","MN, Pope","27121"
"1373","MN, Ramsey","27123"
"1374","MN, Red Lake","27125"
"1375","MN, Redwood","27127"
"1376","MN, Renville","27129"
"1377","MN, Rice","27131"
"1378","MN, Rock","27133"
"1379","MN, Roseau","27135"
"1380","MN, St. Louis","27137"
"1381","MN, Scott","27139"
"1382","MN, Sherburne","27141"
"1383","MN, Sibley","27143"
"1384","MN, Stearns","27145"
"1385","MN, Steele","27147"
"1386","MN, Stevens","27149"
"1387","MN, Swift","27151"
"1388","MN, Todd","27153"
"1389","MN, Traverse","27155"
"1390","MN, Wabasha","27157"
"1391","MN, Wadena","27159"
"1392","MN, Waseca","27161"
"1393","MN, Washington","27163"
"1394","MN, Watonwan","27165"
"1395","MN, Wilkin","27167"
"1396","MN, Winona","27169"
"1397","MN, Wright","27171"
"1398","MN, Yellow Medicine","27173"
"1399","MS, Adams","28001"
"1400","MS, Alcorn","28003"
"1401","MS, Amite","28005"
"1402","MS, Attala","28007"
"1403","MS, Benton","28009"
"1404","MS, Bolivar","28011"
"1405","MS, Calhoun","28013"
"1406","MS, Carroll","28015"
"1407","MS, Chickasaw","28017"
"1408","MS, Choctaw","28019"
"1409","MS, Claiborne","28021"
"1410","MS, Clarke","28023"
"1411","MS, Clay","28025"
"1412","MS, Coahoma","28027"
"1413","MS, Copiah","28029"
"1414","MS, Covington","28031"
"1415","MS, DeSoto","28033"
"1416","MS, Forrest","28035"
"1417","MS, Franklin","28037"
"1418","MS, George","28039"
"1419","MS, Greene","28041"
"1420","MS, Grenada","28043"
"1421","MS, Hancock","28045"
"1422","MS, Harrison","28047"
"1423","MS, Hinds","28049"
"1424","MS, Holmes","28051"
"1425","MS, Humphreys","28053"
"1426","MS, Issaquena","28055"
"1427","MS, Itawamba","28057"
"1428","MS, Jackson","28059"
"1429","MS, Jasper","28061"
"1430","MS, Jefferson","28063"
"1431","MS, Jefferson Davis","28065"
"1432","MS, Jones","28067"
"1433","MS, Kemper","28069"
"1434","MS, Lafayette","28071"
"1435","MS, Lamar","28073"
"1436","MS, Lauderdale","28075"
"1437","MS, Lawrence","28077"
"1438","MS, Leake","28079"
"1439","MS, Lee","28081"
"1440","MS, Leflore","28083"
"1441","MS, Lincoln","28085"
"1442","MS, Lowndes","28087"
"1443","MS, Madison","28089"
"1444","MS, Marion","28091"
"1445","MS, Marshall","28093"
"1446","MS, Monroe","28095"
"1447","MS, Montgomery","28097"
"1448","MS, Neshoba","28099"
"1449","MS, Newton","28101"
"1450","MS, Noxubee","28103"
"1451","MS, Oktibbeha","28105"
"1452","MS, Panola","28107"
"1453","MS, Pearl River","28109"
"1454","MS, Perry","28111"
"1455","MS, Pike","28113"
"1456","MS, Pontotoc","28115"
"1457","MS, Prentiss","28117"
"1458","MS, Quitman","28119"
"1459","MS, Rankin","28121"
"1460","MS, Scott","28123"
"1461","MS, Sharkey","28125"
"1462","MS, Simpson","28127"
"1463","MS, Smith","28129"
"1464","MS, Stone","28131"
"1465","MS, Sunflower","28133"
"1466","MS, Tallahatchie","28135"
"1467","MS, Tate","28137"
"1468","MS, Tippah","28139"
"1469","MS, Tishomingo","28141"
"1470","MS, Tunica","28143"
"1471","MS, Union","28145"
"1472","MS, Walthall","28147"
"1473","MS, Warren","28149"
"1474","MS, Washington","28151"
"1475","MS, Wayne","28153"
"1476","MS, Webster","28155"
"1477","MS, Wilkinson","28157"
"1478","MS, Winston","28159"
"1479","MS, Yalobusha","28161"
"1480","MS, Yazoo","28163"
"1481","MO, Adair","29001"
"1482","MO, Andrew","29003"
"1483","MO, Atchison","29005"
"1484","MO, Audrain","29007"
"1485","MO, Barry","29009"
"1486","MO, Barton","29011"
"1487","MO, Bates","29013"
"1488","MO, Benton","29015"
"1489","MO, Bollinger","29017"
"1490","MO, Boone","29019"
"1491","MO, Buchanan","29021"
"1492","MO, Butler","29023"
"1493","MO, Caldwell","29025"
"1494","MO, Callaway","29027"
"1495","MO, Camden","29029"
"1496","MO, Cape Girardeau","29031"
"1497","MO, Carroll","29033"
"1498","MO, Carter","29035"
"1499","MO, Cass","29037"
"1500","MO, Cedar","29039"
"1501","MO, Chariton","29041"
"1502","MO, Christian","29043"
"1503","MO, Clark","29045"
"1504","MO, Clay","29047"
"1505","MO, Clinton","29049"
"1506","MO, Cole","29051"
"1507","MO, Cooper","29053"
"1508","MO, Crawford","29055"
"1509","MO, Dade","29057"
"1510","MO, Dallas","29059"
"1511","MO, Daviess","29061"
"1512","MO, De Kalb","29063"
"1513","MO, Dent","29065"
"1514","MO, Douglas","29067"
"1515","MO, Dunklin","29069"
"1516","MO, Franklin","29071"
"1517","MO, Gasconade","29073"
"1518","MO, Gentry","29075"
"1519","MO, Greene","29077"
"1520","MO, Grundy","29079"
"1521","MO, Harrison","29081"
"1522","MO, Henry","29083"
"1523","MO, Hickory","29085"
"1524","MO, Holt","29087"
"1525","MO, Howard","29089"
"1526","MO, Howell","29091"
"1527","MO, Iron","29093"
"1528","MO, Jackson","29095"
"1529","MO, Jasper","29097"
"1530","MO, Jefferson","29099"
"1531","MO, Johnson","29101"
"1532","MO, Knox","29103"
"1533","MO, Laclede","29105"
"1534","MO, Lafayette","29107"
"1535","MO, Lawrence","29109"
"1536","MO, Lewis","29111"
"1537","MO, Lincoln","29113"
"1538","MO, Linn","29115"
"1539","MO, Livingston","29117"
"1540","MO, McDonald","29119"
"1541","MO, Macon","29121"
"1542","MO, Madison","29123"
"1543","MO, Maries","29125"
"1544","MO, Marion","29127"
"1545","MO, Mercer","29129"
"1546","MO, Miller","29131"
"1547","MO, Mississippi","29133"
"1548","MO, Moniteau","29135"
"1549","MO, Monroe","29137"
"1550","MO, Montgomery","29139"
"1551","MO, Morgan","29141"
"1552","MO, New Madrid","29143"
"1553","MO, Newton","29145"
"1554","MO, Nodaway","29147"
"1555","MO, Oregon","29149"
"1556","MO, Osage","29151"
"1557","MO, Ozark","29153"
"1558","MO, Pemiscot","29155"
"1559","MO, Perry","29157"
"1560","MO, Pettis","29159"
"1561","MO, Phelps","29161"
"1562","MO, Pike","29163"
"1563","MO, Platte","29165"
"1564","MO, Polk","29167"
"1565","MO, Pulaski","29169"
"1566","MO, Putnam","29171"
"1567","MO, Ralls","29173"
"1568","MO, Randolph","29175"
"1569","MO, Ray","29177"
"1570","MO, Reynolds","29179"
"1571","MO, Ripley","29181"
"1572","MO, St. Charles","29183"
"1573","MO, St. Clair","29185"
"1574","MO, Ste. Genevieve","29186"
"1575","MO, St. Francois","29187"
"1576","MO, St. Louis","29189"
"1577","MO, Saline","29195"
"1578","MO, Schuyler","29197"
"1579","MO, Scotland","29199"
"1580","MO, Scott","29201"
"1581","MO, Shannon","29203"
"1582","MO, Shelby","29205"
"1583","MO, Stoddard","29207"
"1584","MO, Stone","29209"
"1585","MO, Sullivan","29211"
"1586","MO, Taney","29213"
"1587","MO, Texas","29215"
"1588","MO, Vernon","29217"
"1589","MO, Warren","29219"
"1590","MO, Washington","29221"
"1591","MO, Wayne","29223"
"1592","MO, Webster","29225"
"1593","MO, Worth","29227"
"1594","MO, Wright","29229"
"1595","MO, St. Louis city","29510"
"1596","MT, Beaverhead","30001"
"1597","MT, Big Horn","30003"
"1598","MT, Blaine","30005"
"1599","MT, Broadwater","30007"
"1600","MT, Carbon","30009"
"1601","MT, Carter","30011"
"1602","MT, Cascade","30013"
"1603","MT, Chouteau","30015"
"1604","MT, Custer","30017"
"1605","MT, Daniels","30019"
"1606","MT, Dawson","30021"
"1607","MT, Deer Lodge","30023"
"1608","MT, Fallon","30025"
"1609","MT, Fergus","30027"
"1610","MT, Flathead","30029"
"1611","MT, Gallatin","30031"
"1612","MT, Garfield","30033"
"1613","MT, Glacier","30035"
"1614","MT, Golden Valley","30037"
"1615","MT, Granite","30039"
"1616","MT, Hill","30041"
"1617","MT, Jefferson","30043"
"1618","MT, Judith Basin","30045"
"1619","MT, Lake","30047"
"1620","MT, Lewis and Clark","30049"
"1621","MT, Liberty","30051"
"1622","MT, Lincoln","30053"
"1623","MT, McCone","30055"
"1624","MT, Madison","30057"
"1625","MT, Meagher","30059"
"1626","MT, Mineral","30061"
"1627","MT, Missoula","30063"
"1628","MT, Musselshell","30065"
"1629","MT, Park","30067"
"1630","MT, Petroleum","30069"
"1631","MT, Phillips","30071"
"1632","MT, Pondera","30073"
"1633","MT, Powder River","30075"
"1634","MT, Powell","30077"
"1635","MT, Prairie","30079"
"1636","MT, Ravalli","30081"
"1637","MT, Richland","30083"
"1638","MT, Roosevelt","30085"
"1639","MT, Rosebud","30087"
"1640","MT, Sanders","30089"
"1641","MT, Sheridan","30091"
"1642","MT, Silver Bow","30093"
"1643","MT, Stillwater","30095"
"1644","MT, Sweet Grass","30097"
"1645","MT, Teton","30099"
"1646","MT, Toole","30101"
"1647","MT, Treasure","30103"
"1648","MT, Valley","30105"
"1649","MT, Wheatland","30107"
"1650","MT, Wibaux","30109"
"1651","MT, Yellowstone","30111"
"1652","NE, Adams","31001"
"1653","NE, Antelope","31003"
"1654","NE, Arthur","31005"
"1655","NE, Banner","31007"
"1656","NE, Blaine","31009"
"1657","NE, Boone","31011"
"1658","NE, Box Butte","31013"
"1659","NE, Boyd","31015"
"1660","NE, Brown","31017"
"1661","NE, Buffalo","31019"
"1662","NE, Burt","31021"
"1663","NE, Butler","31023"
"1664","NE, Cass","31025"
"1665","NE, Cedar","31027"
"1666","NE, Chase","31029"
"1667","NE, Cherry","31031"
"1668","NE, Cheyenne","31033"
"1669","NE, Clay","31035"
"1670","NE, Colfax","31037"
"1671","NE, Cuming","31039"
"1672","NE, Custer","31041"
"1673","NE, Dakota","31043"
"1674","NE, Dawes","31045"
"1675","NE, Dawson","31047"
"1676","NE, Deuel","31049"
"1677","NE, Dixon","31051"
"1678","NE, Dodge","31053"
"1679","NE, Douglas","31055"
"1680","NE, Dundy","31057"
"1681","NE, Fillmore","31059"
"1682","NE, Franklin","31061"
"1683","NE, Frontier","31063"
"1684","NE, Furnas","31065"
"1685","NE, Gage","31067"
"1686","NE, Garden","31069"
"1687","NE, Garfield","31071"
"1688","NE, Gosper","31073"
"1689","NE, Grant","31075"
"1690","NE, Greeley","31077"
"1691","NE, Hall","31079"
"1692","NE, Hamilton","31081"
"1693","NE, Harlan","31083"
"1694","NE, Hayes","31085"
"1695","NE, Hitchcock","31087"
"1696","NE, Holt","31089"
"1697","NE, Hooker","31091"
"1698","NE, Howard","31093"
"1699","NE, Jefferson","31095"
"1700","NE, Johnson","31097"
"1701","NE, Kearney","31099"
"1702","NE, Keith","31101"
"1703","NE, Keya Paha","31103"
"1704","NE, Kimball","31105"
"1705","NE, Knox","31107"
"1706","NE, Lancaster","31109"
"1707","NE, Lincoln","31111"
"1708","NE, Logan","31113"
"1709","NE, Loup","31115"
"1710","NE, McPherson","31117"
"1711","NE, Madison","31119"
"1712","NE, Merrick","31121"
"1713","NE, Morrill","31123"
"1714","NE, Nance","31125"
"1715","NE, Nemaha","31127"
"1716","NE, Nuckolls","31129"
"1717","NE, Otoe","31131"
"1718","NE, Pawnee","31133"
"1719","NE, Perkins","31135"
"1720","NE, Phelps","31137"
"1721","NE, Pierce","31139"
"1722","NE, Platte","31141"
"1723","NE, Polk","31143"
"1724","NE, Red Willow","31145"
"1725","NE, Richardson","31147"
"1726","NE, Rock","31149"
"1727","NE, Saline","31151"
"1728","NE, Sarpy","31153"
"1729","NE, Saunders","31155"
"1730","NE, Scotts Bluff","31157"
"1731","NE, Seward","31159"
"1732","NE, Sheridan","31161"
"1733","NE, Sherman","31163"
"1734","NE, Sioux","31165"
"1735","NE, Stanton","31167"
"1736","NE, Thayer","31169"
"1737","NE, Thomas","31171"
"1738","NE, Thurston","31173"
"1739","NE, Valley","31175"
"1740","NE, Washington","31177"
"1741","NE, Wayne","31179"
"1742","NE, Webster","31181"
"1743","NE, Wheeler","31183"
"1744","NE, York","31185"
"1745","NV, Churchill","32001"
"1746","NV, Clark","32003"
"1747","NV, Douglas","32005"
"1748","NV, Elko","32007"
"1749","NV, Esmeralda","32009"
"1750","NV, Eureka","32011"
"1751","NV, Humboldt","32013"
"1752","NV, Lander","32015"
"1753","NV, Lincoln","32017"
"1754","NV, Lyon","32019"
"1755","NV, Mineral","32021"
"1756","NV, Nye","32023"
"1757","NV, Pershing","32027"
"1758","NV, Storey","32029"
"1759","NV, Washoe","32031"
"1760","NV, White Pine","32033"
"1761","NV, Carson City","32510"
"1762","NH, Belknap","33001"
"1763","NH, Carroll","33003"
"1764","NH, Cheshire","33005"
"1765","NH, Coos","33007"
"1766","NH, Grafton","33009"
"1767","NH, Hillsborough","33011"
"1768","NH, Merrimack","33013"
"1769","NH, Rockingham","33015"
"1770","NH, Strafford","33017"
"1771","NH, Sullivan","33019"
"1772","NJ, Atlantic","34001"
"1773","NJ, Bergen","34003"
"1774","NJ, Burlington","34005"
"1775","NJ, Camden","34007"
"1776","NJ, Cape May","34009"
"1777","NJ, Cumberland","34011"
"1778","NJ, Essex","34013"
"1779","NJ, Gloucester","34015"
"1780","NJ, Hudson","34017"
"1781","NJ, Hunterdon","34019"
"1782","NJ, Mercer","34021"
"1783","NJ, Middlesex","34023"
"1784","NJ, Monmouth","34025"
"1785","NJ, Morris","34027"
"1786","NJ, Ocean","34029"
"1787","NJ, Passaic","34031"
"1788","NJ, Salem","34033"
"1789","NJ, Somerset","34035"
"1790","NJ, Sussex","34037"
"1791","NJ, Union","34039"
"1792","NJ, Warren","34041"
"1793","NM, Bernalillo","35001"
"1794","NM, Catron","35003"
"1795","NM, Chaves","35005"
"1796","NM, Cibola","35006"
"1797","NM, Colfax","35007"
"1798","NM, Curry","35009"
"1799","NM, De Baca","35011"
"1800","NM, Dona Ana","35013"
"1801","NM, Eddy","35015"
"1802","NM, Grant","35017"
"1803","NM, Guadalupe","35019"
"1804","NM, Harding","35021"
"1805","NM, Hidalgo","35023"
"1806","NM, Lea","35025"
"1807","NM, Lincoln","35027"
"1808","NM, Los Alamos","35028"
"1809","NM, Luna","35029"
"1810","NM, McKinley","35031"
"1811","NM, Mora","35033"
"1812","NM, Otero","35035"
"1813","NM, Quay","35037"
"1814","NM, Rio Arriba","35039"
"1815","NM, Roosevelt","35041"
"1816","NM, Sandoval","35043"
"1817","NM, San Juan","35045"
"1818","NM, San Miguel","35047"
"1819","NM, Santa Fe","35049"
"1820","NM, Sierra","35051"
"1821","NM, Socorro","35053"
"1822","NM, Taos","35055"
"1823","NM, Torrance","35057"
"1824","NM, Union","35059"
"1825","NM, Valencia","35061"
"1826","NY, Albany","36001"
"1827","NY, Allegany","36003"
"1828","NY, Bronx","36005"
"1829","NY, Broome","36007"
"1830","NY, Cattaraugus","36009"
"1831","NY, Cayuga","36011"
"1832","NY, Chautauqua","36013"
"1833","NY, Chemung","36015"
"1834","NY, Chenango","36017"
"1835","NY, Clinton","36019"
"1836","NY, Columbia","36021"
"1837","NY, Cortland","36023"
"1838","NY, Delaware","36025"
"1839","NY, Dutchess","36027"
"1840","NY, Erie","36029"
"1841","NY, Essex","36031"
"1842","NY, Franklin","36033"
"1843","NY, Fulton","36035"
"1844","NY, Genesee","36037"
"1845","NY, Greene","36039"
"1846","NY, Hamilton","36041"
"1847","NY, Herkimer","36043"
"1848","NY, Jefferson","36045"
"1849","NY, Kings","36047"
"1850","NY, Lewis","36049"
"1851","NY, Livingston","36051"
"1852","NY, Madison","36053"
"1853","NY, Monroe","36055"
"1854","NY, Montgomery","36057"
"1855","NY, Nassau","36059"
"1856","NY, New York","36061"
"1857","NY, Niagara","36063"
"1858","NY, Oneida","36065"
"1859","NY, Onondaga","36067"
"1860","NY, Ontario","36069"
"1861","NY, Orange","36071"
"1862","NY, Orleans","36073"
"1863","NY, Oswego","36075"
"1864","NY, Otsego","36077"
"1865","NY, Putnam","36079"
"1866","NY, Queens","36081"
"1867","NY, Rensselaer","36083"
"1868","NY, Richmond","36085"
"1869","NY, Rockland","36087"
"1870","NY, St. Lawrence","36089"
"1871","NY, Saratoga","36091"
"1872","NY, Schenectady","36093"
"1873","NY, Schoharie","36095"
"1874","NY, Schuyler","36097"
"1875","NY, Seneca","36099"
"1876","NY, Steuben","36101"
"1877","NY, Suffolk","36103"
"1878","NY, Sullivan","36105"
"1879","NY, Tioga","36107"
"1880","NY, Tompkins","36109"
"1881","NY, Ulster","36111"
"1882","NY, Warren","36113"
"1883","NY, Washington","36115"
"1884","NY, Wayne","36117"
"1885","NY, Westchester","36119"
"1886","NY, Wyoming","36121"
"1887","NY, Yates","36123"
"1888","NC, Alamance","37001"
"1889","NC, Alexander","37003"
"1890","NC, Alleghany","37005"
"1891","NC, Anson","37007"
"1892","NC, Ashe","37009"
"1893","NC, Avery","37011"
"1894","NC, Beaufort","37013"
"1895","NC, Bertie","37015"
"1896","NC, Bladen","37017"
"1897","NC, Brunswick","37019"
"1898","NC, Buncombe","37021"
"1899","NC, Burke","37023"
"1900","NC, Cabarrus","37025"
"1901","NC, Caldwell","37027"
"1902","NC, Camden","37029"
"1903","NC, Carteret","37031"
"1904","NC, Caswell","37033"
"1905","NC, Catawba","37035"
"1906","NC, Chatham","37037"
"1907","NC, Cherokee","37039"
"1908","NC, Chowan","37041"
"1909","NC, Clay","37043"
"1910","NC, Cleveland","37045"
"1911","NC, Columbus","37047"
"1912","NC, Craven","37049"
"1913","NC, Cumberland","37051"
"1914","NC, Currituck","37053"
"1915","NC, Dare","37055"
"1916","NC, Davidson","37057"
"1917","NC, Davie","37059"
"1918","NC, Duplin","37061"
"1919","NC, Durham","37063"
"1920","NC, Edgecombe","37065"
"1921","NC, Forsyth","37067"
"1922","NC, Franklin","37069"
"1923","NC, Gaston","37071"
"1924","NC, Gates","37073"
"1925","NC, Graham","37075"
"1926","NC, Granville","37077"
"1927","NC, Greene","37079"
"1928","NC, Guilford","37081"
"1929","NC, Halifax","37083"
"1930","NC, Harnett","37085"
"1931","NC, Haywood","37087"
"1932","NC, Henderson","37089"
"1933","NC, Hertford","37091"
"1934","NC, Hoke","37093"
"1935","NC, Hyde","37095"
"1936","NC, Iredell","37097"
"1937","NC, Jackson","37099"
"1938","NC, Johnston","37101"
"1939","NC, Jones","37103"
"1940","NC, Lee","37105"
"1941","NC, Lenoir","37107"
"1942","NC, Lincoln","37109"
"1943","NC, McDowell","37111"
"1944","NC, Macon","37113"
"1945","NC, Madison","37115"
"1946","NC, Martin","37117"
"1947","NC, Mecklenburg","37119"
"1948","NC, Mitchell","37121"
"1949","NC, Montgomery","37123"
"1950","NC, Moore","37125"
"1951","NC, Nash","37127"
"1952","NC, New Hanover","37129"
"1953","NC, Northampton","37131"
"1954","NC, Onslow","37133"
"1955","NC, Orange","37135"
"1956","NC, Pamlico","37137"
"1957","NC, Pasquotank","37139"
"1958","NC, Pender","37141"
"1959","NC, Perquimans","37143"
"1960","NC, Person","37145"
"1961","NC, Pitt","37147"
"1962","NC, Polk","37149"
"1963","NC, Randolph","37151"
"1964","NC, Richmond","37153"
"1965","NC, Robeson","37155"
"1966","NC, Rockingham","37157"
"1967","NC, Rowan","37159"
"1968","NC, Rutherford","37161"
"1969","NC, Sampson","37163"
"1970","NC, Scotland","37165"
"1971","NC, Stanly","37167"
"1972","NC, Stokes","37169"
"1973","NC, Surry","37171"
"1974","NC, Swain","37173"
"1975","NC, Transylvania","37175"
"1976","NC, Tyrrell","37177"
"1977","NC, Union","37179"
"1978","NC, Vance","37181"
"1979","NC, Wake","37183"
"1980","NC, Warren","37185"
"1981","NC, Washington","37187"
"1982","NC, Watauga","37189"
"1983","NC, Wayne","37191"
"1984","NC, Wilkes","37193"
"1985","NC, Wilson","37195"
"1986","NC, Yadkin","37197"
"1987","NC, Yancey","37199"
"1988","ND, Adams","38001"
"1989","ND, Barnes","38003"
"1990","ND, Benson","38005"
"1991","ND, Billings","38007"
"1992","ND, Bottineau","38009"
"1993","ND, Bowman","38011"
"1994","ND, Burke","38013"
"1995","ND, Burleigh","38015"
"1996","ND, Cass","38017"
"1997","ND, Cavalier","38019"
"1998","ND, Dickey","38021"
"1999","ND, Divide","38023"
"2000","ND, Dunn","38025"
"2001","ND, Eddy","38027"
"2002","ND, Emmons","38029"
"2003","ND, Foster","38031"
"2004","ND, Golden Valley","38033"
"2005","ND, Grand Forks","38035"
"2006","ND, Grant","38037"
"2007","ND, Griggs","38039"
"2008","ND, Hettinger","38041"
"2009","ND, Kidder","38043"
"2010","ND, La Moure","38045"
"2011","ND, Logan","38047"
"2012","ND, McHenry","38049"
"2013","ND, McIntosh","38051"
"2014","ND, McKenzie","38053"
"2015","ND, McLean","38055"
"2016","ND, Mercer","38057"
"2017","ND, Morton","38059"
"2018","ND, Mountrail","38061"
"2019","ND, Nelson","38063"
"2020","ND, Oliver","38065"
"2021","ND, Pembina","38067"
"2022","ND, Pierce","38069"
"2023","ND, Ramsey","38071"
"2024","ND, Ransom","38073"
"2025","ND, Renville","38075"
"2026","ND, Richland","38077"
"2027","ND, Rolette","38079"
"2028","ND, Sargent","38081"
"2029","ND, Sheridan","38083"
"2030","ND, Sioux","38085"
"2031","ND, Slope","38087"
"2032","ND, Stark","38089"
"2033","ND, Steele","38091"
"2034","ND, Stutsman","38093"
"2035","ND, Towner","38095"
"2036","ND, Traill","38097"
"2037","ND, Walsh","38099"
"2038","ND, Ward","38101"
"2039","ND, Wells","38103"
"2040","ND, Williams","38105"
"2041","OH, Adams","39001"
"2042","OH, Allen","39003"
"2043","OH, Ashland","39005"
"2044","OH, Ashtabula","39007"
"2045","OH, Athens","39009"
"2046","OH, Auglaize","39011"
"2047","OH, Belmont","39013"
"2048","OH, Brown","39015"
"2049","OH, Butler","39017"
"2050","OH, Carroll","39019"
"2051","OH, Champaign","39021"
"2052","OH, Clark","39023"
"2053","OH, Clermont","39025"
"2054","OH, Clinton","39027"
"2055","OH, Columbiana","39029"
"2056","OH, Coshocton","39031"
"2057","OH, Crawford","39033"
"2058","OH, Cuyahoga","39035"
"2059","OH, Darke","39037"
"2060","OH, Defiance","39039"
"2061","OH, Delaware","39041"
"2062","OH, Erie","39043"
"2063","OH, Fairfield","39045"
"2064","OH, Fayette","39047"
"2065","OH, Franklin","39049"
"2066","OH, Fulton","39051"
"2067","OH, Gallia","39053"
"2068","OH, Geauga","39055"
"2069","OH, Greene","39057"
"2070","OH, Guernsey","39059"
"2071","OH, Hamilton","39061"
"2072","OH, Hancock","39063"
"2073","OH, Hardin","39065"
"2074","OH, Harrison","39067"
"2075","OH, Henry","39069"
"2076","OH, Highland","39071"
"2077","OH, Hocking","39073"
"2078","OH, Holmes","39075"
"2079","OH, Huron","39077"
"2080","OH, Jackson","39079"
"2081","OH, Jefferson","39081"
"2082","OH, Knox","39083"
"2083","OH, Lake","39085"
"2084","OH, Lawrence","39087"
"2085","OH, Licking","39089"
"2086","OH, Logan","39091"
"2087","OH, Lorain","39093"
"2088","OH, Lucas","39095"
"2089","OH, Madison","39097"
"2090","OH, Mahoning","39099"
"2091","OH, Marion","39101"
"2092","OH, Medina","39103"
"2093","OH, Meigs","39105"
"2094","OH, Mercer","39107"
"2095","OH, Miami","39109"
"2096","OH, Monroe","39111"
"2097","OH, Montgomery","39113"
"2098","OH, Morgan","39115"
"2099","OH, Morrow","39117"
"2100","OH, Muskingum","39119"
"2101","OH, Noble","39121"
"2102","OH, Ottawa","39123"
"2103","OH, Paulding","39125"
"2104","OH, Perry","39127"
"2105","OH, Pickaway","39129"
"2106","OH, Pike","39131"
"2107","OH, Portage","39133"
"2108","OH, Preble","39135"
"2109","OH, Putnam","39137"
"2110","OH, Richland","39139"
"2111","OH, Ross","39141"
"2112","OH, Sandusky","39143"
"2113","OH, Scioto","39145"
"2114","OH, Seneca","39147"
"2115","OH, Shelby","39149"
"2116","OH, Stark","39151"
"2117","OH, Summit","39153"
"2118","OH, Trumbull","39155"
"2119","OH, Tuscarawas","39157"
"2120","OH, Union","39159"
"2121","OH, Van Wert","39161"
"2122","OH, Vinton","39163"
"2123","OH, Warren","39165"
"2124","OH, Washington","39167"
"2125","OH, Wayne","39169"
"2126","OH, Williams","39171"
"2127","OH, Wood","39173"
"2128","OH, Wyandot","39175"
"2129","OK, Adair","40001"
"2130","OK, Alfalfa","40003"
"2131","OK, Atoka","40005"
"2132","OK, Beaver","40007"
"2133","OK, Beckham","40009"
"2134","OK, Blaine","40011"
"2135","OK, Bryan","40013"
"2136","OK, Caddo","40015"
"2137","OK, Canadian","40017"
"2138","OK, Carter","40019"
"2139","OK, Cherokee","40021"
"2140","OK, Choctaw","40023"
"2141","OK, Cimarron","40025"
"2142","OK, Cleveland","40027"
"2143","OK, Coal","40029"
"2144","OK, Comanche","40031"
"2145","OK, Cotton","40033"
"2146","OK, Craig","40035"
"2147","OK, Creek","40037"
"2148","OK, Custer","40039"
"2149","OK, Delaware","40041"
"2150","OK, Dewey","40043"
"2151","OK, Ellis","40045"
"2152","OK, Garfield","40047"
"2153","OK, Garvin","40049"
"2154","OK, Grady","40051"
"2155","OK, Grant","40053"
"2156","OK, Greer","40055"
"2157","OK, Harmon","40057"
"2158","OK, Harper","40059"
"2159","OK, Haskell","40061"
"2160","OK, Hughes","40063"
"2161","OK, Jackson","40065"
"2162","OK, Jefferson","40067"
"2163","OK, Johnston","40069"
"2164","OK, Kay","40071"
"2165","OK, Kingfisher","40073"
"2166","OK, Kiowa","40075"
"2167","OK, Latimer","40077"
"2168","OK, Le Flore","40079"
"2169","OK, Lincoln","40081"
"2170","OK, Logan","40083"
"2171","OK, Love","40085"
"2172","OK, McClain","40087"
"2173","OK, McCurtain","40089"
"2174","OK, McIntosh","40091"
"2175","OK, Major","40093"
"2176","OK, Marshall","40095"
"2177","OK, Mayes","40097"
"2178","OK, Murray","40099"
"2179","OK, Muskogee","40101"
"2180","OK, Noble","40103"
"2181","OK, Nowata","40105"
"2182","OK, Okfuskee","40107"
"2183","OK, Oklahoma","40109"
"2184","OK, Okmulgee","40111"
"2185","OK, Osage","40113"
"2186","OK, Ottawa","40115"
"2187","OK, Pawnee","40117"
"2188","OK, Payne","40119"
"2189","OK, Pittsburg","40121"
"2190","OK, Pontotoc","40123"
"2191","OK, Pottawatomie","40125"
"2192","OK, Pushmataha","40127"
"2193","OK, Roger Mills","40129"
"2194","OK, Rogers","40131"
"2195","OK, Seminole","40133"
"2196","OK, Sequoyah","40135"
"2197","OK, Stephens","40137"
"2198","OK, Texas","40139"
"2199","OK, Tillman","40141"
"2200","OK, Tulsa","40143"
"2201","OK, Wagoner","40145"
"2202","OK, Washington","40147"
"2203","OK, Washita","40149"
"2204","OK, Woods","40151"
"2205","OK, Woodward","40153"
"2206","OR, Baker","41001"
"2207","OR, Benton","41003"
"2208","OR, Clackamas","41005"
"2209","OR, Clatsop","41007"
"2210","OR, Columbia","41009"
"2211","OR, Coos","41011"
"2212","OR, Crook","41013"
"2213","OR, Curry","41015"
"2214","OR, Deschutes","41017"
"2215","OR, Douglas","41019"
"2216","OR, Gilliam","41021"
"2217","OR, Grant","41023"
"2218","OR, Harney","41025"
"2219","OR, Hood River","41027"
"2220","OR, Jackson","41029"
"2221","OR, Jefferson","41031"
"2222","OR, Josephine","41033"
"2223","OR, Klamath","41035"
"2224","OR, Lake","41037"
"2225","OR, Lane","41039"
"2226","OR, Lincoln","41041"
"2227","OR, Linn","41043"
"2228","OR, Malheur","41045"
"2229","OR, Marion","41047"
"2230","OR, Morrow","41049"
"2231","OR, Multnomah","41051"
"2232","OR, Polk","41053"
"2233","OR, Sherman","41055"
"2234","OR, Tillamook","41057"
"2235","OR, Umatilla","41059"
"2236","OR, Union","41061"
"2237","OR, Wallowa","41063"
"2238","OR, Wasco","41065"
"2239","OR, Washington","41067"
"2240","OR, Wheeler","41069"
"2241","OR, Yamhill","41071"
"2242","PA, Adams","42001"
"2243","PA, Allegheny","42003"
"2244","PA, Armstrong","42005"
"2245","PA, Beaver","42007"
"2246","PA, Bedford","42009"
"2247","PA, Berks","42011"
"2248","PA, Blair","42013"
"2249","PA, Bradford","42015"
"2250","PA, Bucks","42017"
"2251","PA, Butler","42019"
"2252","PA, Cambria","42021"
"2253","PA, Cameron","42023"
"2254","PA, Carbon","42025"
"2255","PA, Centre","42027"
"2256","PA, Chester","42029"
"2257","PA, Clarion","42031"
"2258","PA, Clearfield","42033"
"2259","PA, Clinton","42035"
"2260","PA, Columbia","42037"
"2261","PA, Crawford","42039"
"2262","PA, Cumberland","42041"
"2263","PA, Dauphin","42043"
"2264","PA, Delaware","42045"
"2265","PA, Elk","42047"
"2266","PA, Erie","42049"
"2267","PA, Fayette","42051"
"2268","PA, Forest","42053"
"2269","PA, Franklin","42055"
"2270","PA, Fulton","42057"
"2271","PA, Greene","42059"
"2272","PA, Huntingdon","42061"
"2273","PA, Indiana","42063"
"2274","PA, Jefferson","42065"
"2275","PA, Juniata","42067"
"2276","PA, Lackawanna","42069"
"2277","PA, Lancaster","42071"
"2278","PA, Lawrence","42073"
"2279","PA, Lebanon","42075"
"2280","PA, Lehigh","42077"
"2281","PA, Luzerne","42079"
"2282","PA, Lycoming","42081"
"2283","PA, McKean","42083"
"2284","PA, Mercer","42085"
"2285","PA, Mifflin","42087"
"2286","PA, Monroe","42089"
"2287","PA, Montgomery","42091"
"2288","PA, Montour","42093"
"2289","PA, Northampton","42095"
"2290","PA, Northumberland","42097"
"2291","PA, Perry","42099"
"2292","PA, Philadelphia","42101"
"2293","PA, Pike","42103"
"2294","PA, Potter","42105"
"2295","PA, Schuylkill","42107"
"2296","PA, Snyder","42109"
"2297","PA, Somerset","42111"
"2298","PA, Sullivan","42113"
"2299","PA, Susquehanna","42115"
"2300","PA, Tioga","42117"
"2301","PA, Union","42119"
"2302","PA, Venango","42121"
"2303","PA, Warren","42123"
"2304","PA, Washington","42125"
"2305","PA, Wayne","42127"
"2306","PA, Westmoreland","42129"
"2307","PA, Wyoming","42131"
"2308","PA, York","42133"
"2309","RI, Bristol","44001"
"2310","RI, Kent","44003"
"2311","RI, Newport","44005"
"2312","RI, Providence","44007"
"2313","RI, Washington","44009"
"2314","SC, Abbeville","45001"
"2315","SC, Aiken","45003"
"2316","SC, Allendale","45005"
"2317","SC, Anderson","45007"
"2318","SC, Bamberg","45009"
"2319","SC, Barnwell","45011"
"2320","SC, Beaufort","45013"
"2321","SC, Berkeley","45015"
"2322","SC, Calhoun","45017"
"2323","SC, Charleston","45019"
"2324","SC, Cherokee","45021"
"2325","SC, Chester","45023"
"2326","SC, Chesterfield","45025"
"2327","SC, Clarendon","45027"
"2328","SC, Colleton","45029"
"2329","SC, Darlington","45031"
"2330","SC, Dillon","45033"
"2331","SC, Dorchester","45035"
"2332","SC, Edgefield","45037"
"2333","SC, Fairfield","45039"
"2334","SC, Florence","45041"
"2335","SC, Georgetown","45043"
"2336","SC, Greenville","45045"
"2337","SC, Greenwood","45047"
"2338","SC, Hampton","45049"
"2339","SC, Horry","45051"
"2340","SC, Jasper","45053"
"2341","SC, Kershaw","45055"
"2342","SC, Lancaster","45057"
"2343","SC, Laurens","45059"
"2344","SC, Lee","45061"
"2345","SC, Lexington","45063"
"2346","SC, McCormick","45065"
"2347","SC, Marion","45067"
"2348","SC, Marlboro","45069"
"2349","SC, Newberry","45071"
"2350","SC, Oconee","45073"
"2351","SC, Orangeburg","45075"
"2352","SC, Pickens","45077"
"2353","SC, Richland","45079"
"2354","SC, Saluda","45081"
"2355","SC, Spartanburg","45083"
"2356","SC, Sumter","45085"
"2357","SC, Union","45087"
"2358","SC, Williamsburg","45089"
"2359","SC, York","45091"
"2360","SD, Aurora","46003"
"2361","SD, Beadle","46005"
"2362","SD, Bennett","46007"
"2363","SD, Bon Homme","46009"
"2364","SD, Brookings","46011"
"2365","SD, Brown","46013"
"2366","SD, Brule","46015"
"2367","SD, Buffalo","46017"
"2368","SD, Butte","46019"
"2369","SD, Campbell","46021"
"2370","SD, Charles Mix","46023"
"2371","SD, Clark","46025"
"2372","SD, Clay","46027"
"2373","SD, Codington","46029"
"2374","SD, Corson","46031"
"2375","SD, Custer","46033"
"2376","SD, Davison","46035"
"2377","SD, Day","46037"
"2378","SD, Deuel","46039"
"2379","SD, Dewey","46041"
"2380","SD, Douglas","46043"
"2381","SD, Edmunds","46045"
"2382","SD, Fall River","46047"
"2383","SD, Faulk","46049"
"2384","SD, Grant","46051"
"2385","SD, Gregory","46053"
"2386","SD, Haakon","46055"
"2387","SD, Hamlin","46057"
"2388","SD, Hand","46059"
"2389","SD, Hanson","46061"
"2390","SD, Harding","46063"
"2391","SD, Hughes","46065"
"2392","SD, Hutchinson","46067"
"2393","SD, Hyde","46069"
"2394","SD, Jackson","46071"
"2395","SD, Jerauld","46073"
"2396","SD, Jones","46075"
"2397","SD, Kingsbury","46077"
"2398","SD, Lake","46079"
"2399","SD, Lawrence","46081"
"2400","SD, Lincoln","46083"
"2401","SD, Lyman","46085"
"2402","SD, McCook","46087"
"2403","SD, McPherson","46089"
"2404","SD, Marshall","46091"
"2405","SD, Meade","46093"
"2406","SD, Mellette","46095"
"2407","SD, Miner","46097"
"2408","SD, Minnehaha","46099"
"2409","SD, Moody","46101"
"2410","SD, Pennington","46103"
"2411","SD, Perkins","46105"
"2412","SD, Potter","46107"
"2413","SD, Roberts","46109"
"2414","SD, Sanborn","46111"
"2415","SD, Shannon","46113"
"2416","SD, Spink","46115"
"2417","SD, Stanley","46117"
"2418","SD, Sully","46119"
"2419","SD, Todd","46121"
"2420","SD, Tripp","46123"
"2421","SD, Turner","46125"
"2422","SD, Union","46127"
"2423","SD, Walworth","46129"
"2424","SD, Yankton","46135"
"2425","SD, Ziebach","46137"
"2426","TN, Anderson","47001"
"2427","TN, Bedford","47003"
"2428","TN, Benton","47005"
"2429","TN, Bledsoe","47007"
"2430","TN, Blount","47009"
"2431","TN, Bradley","47011"
"2432","TN, Campbell","47013"
"2433","TN, Cannon","47015"
"2434","TN, Carroll","47017"
"2435","TN, Carter","47019"
"2436","TN, Cheatham","47021"
"2437","TN, Chester","47023"
"2438","TN, Claiborne","47025"
"2439","TN, Clay","47027"
"2440","TN, Cocke","47029"
"2441","TN, Coffee","47031"
"2442","TN, Crockett","47033"
"2443","TN, Cumberland","47035"
"2444","TN, Davidson","47037"
"2445","TN, Decatur","47039"
"2446","TN, DeKalb","47041"
"2447","TN, Dickson","47043"
"2448","TN, Dyer","47045"
"2449","TN, Fayette","47047"
"2450","TN, Fentress","47049"
"2451","TN, Franklin","47051"
"2452","TN, Gibson","47053"
"2453","TN, Giles","47055"
"2454","TN, Grainger","47057"
"2455","TN, Greene","47059"
"2456","TN, Grundy","47061"
"2457","TN, Hamblen","47063"
"2458","TN, Hamilton","47065"
"2459","TN, Hancock","47067"
"2460","TN, Hardeman","47069"
"2461","TN, Hardin","47071"
"2462","TN, Hawkins","47073"
"2463","TN, Haywood","47075"
"2464","TN, Henderson","47077"
"2465","TN, Henry","47079"
"2466","TN, Hickman","47081"
"2467","TN, Houston","47083"
"2468","TN, Humphreys","47085"
"2469","TN, Jackson","47087"
"2470","TN, Jefferson","47089"
"2471","TN, Johnson","47091"
"2472","TN, Knox","47093"
"2473","TN, Lake","47095"
"2474","TN, Lauderdale","47097"
"2475","TN, Lawrence","47099"
"2476","TN, Lewis","47101"
"2477","TN, Lincoln","47103"
"2478","TN, Loudon","47105"
"2479","TN, McMinn","47107"
"2480","TN, McNairy","47109"
"2481","TN, Macon","47111"
"2482","TN, Madison","47113"
"2483","TN, Marion","47115"
"2484","TN, Marshall","47117"
"2485","TN, Maury","47119"
"2486","TN, Meigs","47121"
"2487","TN, Monroe","47123"
"2488","TN, Montgomery","47125"
"2489","TN, Moore","47127"
"2490","TN, Morgan","47129"
"2491","TN, Obion","47131"
"2492","TN, Overton","47133"
"2493","TN, Perry","47135"
"2494","TN, Pickett","47137"
"2495","TN, Polk","47139"
"2496","TN, Putnam","47141"
"2497","TN, Rhea","47143"
"2498","TN, Roane","47145"
"2499","TN, Robertson","47147"
"2500","TN, Rutherford","47149"
"2501","TN, Scott","47151"
"2502","TN, Sequatchie","47153"
"2503","TN, Sevier","47155"
"2504","TN, Shelby","47157"
"2505","TN, Smith","47159"
"2506","TN, Stewart","47161"
"2507","TN, Sullivan","47163"
"2508","TN, Sumner","47165"
"2509","TN, Tipton","47167"
"2510","TN, Trousdale","47169"
"2511","TN, Unicoi","47171"
"2512","TN, Union","47173"
"2513","TN, Van Buren","47175"
"2514","TN, Warren","47177"
"2515","TN, Washington","47179"
"2516","TN, Wayne","47181"
"2517","TN, Weakley","47183"
"2518","TN, White","47185"
"2519","TN, Williamson","47187"
"2520","TN, Wilson","47189"
"2521","TX, Anderson","48001"
"2522","TX, Andrews","48003"
"2523","TX, Angelina","48005"
"2524","TX, Aransas","48007"
"2525","TX, Archer","48009"
"2526","TX, Armstrong","48011"
"2527","TX, Atascosa","48013"
"2528","TX, Austin","48015"
"2529","TX, Bailey","48017"
"2530","TX, Bandera","48019"
"2531","TX, Bastrop","48021"
"2532","TX, Baylor","48023"
"2533","TX, Bee","48025"
"2534","TX, Bell","48027"
"2535","TX, Bexar","48029"
"2536","TX, Blanco","48031"
"2537","TX, Borden","48033"
"2538","TX, Bosque","48035"
"2539","TX, Bowie","48037"
"2540","TX, Brazoria","48039"
"2541","TX, Brazos","48041"
"2542","TX, Brewster","48043"
"2543","TX, Briscoe","48045"
"2544","TX, Brooks","48047"
"2545","TX, Brown","48049"
"2546","TX, Burleson","48051"
"2547","TX, Burnet","48053"
"2548","TX, Caldwell","48055"
"2549","TX, Calhoun","48057"
"2550","TX, Callahan","48059"
"2551","TX, Cameron","48061"
"2552","TX, Camp","48063"
"2553","TX, Carson","48065"
"2554","TX, Cass","48067"
"2555","TX, Castro","48069"
"2556","TX, Chambers","48071"
"2557","TX, Cherokee","48073"
"2558","TX, Childress","48075"
"2559","TX, Clay","48077"
"2560","TX, Cochran","48079"
"2561","TX, Coke","48081"
"2562","TX, Coleman","48083"
"2563","TX, Collin","48085"
"2564","TX, Collingsworth","48087"
"2565","TX, Colorado","48089"
"2566","TX, Comal","48091"
"2567","TX, Comanche","48093"
"2568","TX, Concho","48095"
"2569","TX, Cooke","48097"
"2570","TX, Coryell","48099"
"2571","TX, Cottle","48101"
"2572","TX, Crane","48103"
"2573","TX, Crockett","48105"
"2574","TX, Crosby","48107"
"2575","TX, Culberson","48109"
"2576","TX, Dallam","48111"
"2577","TX, Dallas","48113"
"2578","TX, Dawson","48115"
"2579","TX, Deaf Smith","48117"
"2580","TX, Delta","48119"
"2581","TX, Denton","48121"
"2582","TX, De Witt","48123"
"2583","TX, Dickens","48125"
"2584","TX, Dimmit","48127"
"2585","TX, Donley","48129"
"2586","TX, Duval","48131"
"2587","TX, Eastland","48133"
"2588","TX, Ector","48135"
"2589","TX, Edwards","48137"
"2590","TX, Ellis","48139"
"2591","TX, El Paso","48141"
"2592","TX, Erath","48143"
"2593","TX, Falls","48145"
"2594","TX, Fannin","48147"
"2595","TX, Fayette","48149"
"2596","TX, Fisher","48151"
"2597","TX, Floyd","48153"
"2598","TX, Foard","48155"
"2599","TX, Fort Bend","48157"
"2600","TX, Franklin","48159"
"2601","TX, Freestone","48161"
"2602","TX, Frio","48163"
"2603","TX, Gaines","48165"
"2604","TX, Galveston","48167"
"2605","TX, Garza","48169"
"2606","TX, Gillespie","48171"
"2607","TX, Glasscock","48173"
"2608","TX, Goliad","48175"
"2609","TX, Gonzales","48177"
"2610","TX, Gray","48179"
"2611","TX, Grayson","48181"
"2612","TX, Gregg","48183"
"2613","TX, Grimes","48185"
"2614","TX, Guadalupe","48187"
"2615","TX, Hale","48189"
"2616","TX, Hall","48191"
"2617","TX, Hamilton","48193"
"2618","TX, Hansford","48195"
"2619","TX, Hardeman","48197"
"2620","TX, Hardin","48199"
"2621","TX, Harris","48201"
"2622","TX, Harrison","48203"
"2623","TX, Hartley","48205"
"2624","TX, Haskell","48207"
"2625","TX, Hays","48209"
"2626","TX, Hemphill","48211"
"2627","TX, Henderson","48213"
"2628","TX, Hidalgo","48215"
"2629","TX, Hill","48217"
"2630","TX, Hockley","48219"
"2631","TX, Hood","48221"
"2632","TX, Hopkins","48223"
"2633","TX, Houston","48225"
"2634","TX, Howard","48227"
"2635","TX, Hudspeth","48229"
"2636","TX, Hunt","48231"
"2637","TX, Hutchinson","48233"
"2638","TX, Irion","48235"
"2639","TX, Jack","48237"
"2640","TX, Jackson","48239"
"2641","TX, Jasper","48241"
"2642","TX, Jeff Davis","48243"
"2643","TX, Jefferson","48245"
"2644","TX, Jim Hogg","48247"
"2645","TX, Jim Wells","48249"
"2646","TX, Johnson","48251"
"2647","TX, Jones","48253"
"2648","TX, Karnes","48255"
"2649","TX, Kaufman","48257"
"2650","TX, Kendall","48259"
"2651","TX, Kenedy","48261"
"2652","TX, Kent","48263"
"2653","TX, Kerr","48265"
"2654","TX, Kimble","48267"
"2655","TX, King","48269"
"2656","TX, Kinney","48271"
"2657","TX, Kleberg","48273"
"2658","TX, Knox","48275"
"2659","TX, Lamar","48277"
"2660","TX, Lamb","48279"
"2661","TX, Lampasas","48281"
"2662","TX, La Salle","48283"
"2663","TX, Lavaca","48285"
"2664","TX, Lee","48287"
"2665","TX, Leon","48289"
"2666","TX, Liberty","48291"
"2667","TX, Limestone","48293"
"2668","TX, Lipscomb","48295"
"2669","TX, Live Oak","48297"
"2670","TX, Llano","48299"
"2671","TX, Loving","48301"
"2672","TX, Lubbock","48303"
"2673","TX, Lynn","48305"
"2674","TX, McCulloch","48307"
"2675","TX, McLennan","48309"
"2676","TX, McMullen","48311"
"2677","TX, Madison","48313"
"2678","TX, Marion","48315"
"2679","TX, Martin","48317"
"2680","TX, Mason","48319"
"2681","TX, Matagorda","48321"
"2682","TX, Maverick","48323"
"2683","TX, Medina","48325"
"2684","TX, Menard","48327"
"2685","TX, Midland","48329"
"2686","TX, Milam","48331"
"2687","TX, Mills","48333"
"2688","TX, Mitchell","48335"
"2689","TX, Montague","48337"
"2690","TX, Montgomery","48339"
"2691","TX, Moore","48341"
"2692","TX, Morris","48343"
"2693","TX, Motley","48345"
"2694","TX, Nacogdoches","48347"
"2695","TX, Navarro","48349"
"2696","TX, Newton","48351"
"2697","TX, Nolan","48353"
"2698","TX, Nueces","48355"
"2699","TX, Ochiltree","48357"
"2700","TX, Oldham","48359"
"2701","TX, Orange","48361"
"2702","TX, Palo Pinto","48363"
"2703","TX, Panola","48365"
"2704","TX, Parker","48367"
"2705","TX, Parmer","48369"
"2706","TX, Pecos","48371"
"2707","TX, Polk","48373"
"2708","TX, Potter","48375"
"2709","TX, Presidio","48377"
"2710","TX, Rains","48379"
"2711","TX, Randall","48381"
"2712","TX, Reagan","48383"
"2713","TX, Real","48385"
"2714","TX, Red River","48387"
"2715","TX, Reeves","48389"
"2716","TX, Refugio","48391"
"2717","TX, Roberts","48393"
"2718","TX, Robertson","48395"
"2719","TX, Rockwall","48397"
"2720","TX, Runnels","48399"
"2721","TX, Rusk","48401"
"2722","TX, Sabine","48403"
"2723","TX, San Augustine","48405"
"2724","TX, San Jacinto","48407"
"2725","TX, San Patricio","48409"
"2726","TX, San Saba","48411"
"2727","TX, Schleicher","48413"
"2728","TX, Scurry","48415"
"2729","TX, Shackelford","48417"
"2730","TX, Shelby","48419"
"2731","TX, Sherman","48421"
"2732","TX, Smith","48423"
"2733","TX, Somervell","48425"
"2734","TX, Starr","48427"
"2735","TX, Stephens","48429"
"2736","TX, Sterling","48431"
"2737","TX, Stonewall","48433"
"2738","TX, Sutton","48435"
"2739","TX, Swisher","48437"
"2740","TX, Tarrant","48439"
"2741","TX, Taylor","48441"
"2742","TX, Terrell","48443"
"2743","TX, Terry","48445"
"2744","TX, Throckmorton","48447"
"2745","TX, Titus","48449"
"2746","TX, Tom Green","48451"
"2747","TX, Travis","48453"
"2748","TX, Trinity","48455"
"2749","TX, Tyler","48457"
"2750","TX, Upshur","48459"
"2751","TX, Upton","48461"
"2752","TX, Uvalde","48463"
"2753","TX, Val Verde","48465"
"2754","TX, Van Zandt","48467"
"2755","TX, Victoria","48469"
"2756","TX, Walker","48471"
"2757","TX, Waller","48473"
"2758","TX, Ward","48475"
"2759","TX, Washington","48477"
"2760","TX, Webb","48479"
"2761","TX, Wharton","48481"
"2762","TX, Wheeler","48483"
"2763","TX, Wichita","48485"
"2764","TX, Wilbarger","48487"
"2765","TX, Willacy","48489"
"2766","TX, Williamson","48491"
"2767","TX, Wilson","48493"
"2768","TX, Winkler","48495"
"2769","TX, Wise","48497"
"2770","TX, Wood","48499"
"2771","TX, Yoakum","48501"
"2772","TX, Young","48503"
"2773","TX, Zapata","48505"
"2774","TX, Zavala","48507"
"2775","UT, Beaver","49001"
"2776","UT, Box Elder","49003"
"2777","UT, Cache","49005"
"2778","UT, Carbon","49007"
"2779","UT, Daggett","49009"
"2780","UT, Davis","49011"
"2781","UT, Duchesne","49013"
"2782","UT, Emery","49015"
"2783","UT, Garfield","49017"
"2784","UT, Grand","49019"
"2785","UT, Iron","49021"
"2786","UT, Juab","49023"
"2787","UT, Kane","49025"
"2788","UT, Millard","49027"
"2789","UT, Morgan","49029"
"2790","UT, Piute","49031"
"2791","UT, Rich","49033"
"2792","UT, Salt Lake","49035"
"2793","UT, San Juan","49037"
"2794","UT, Sanpete","49039"
"2795","UT, Sevier","49041"
"2796","UT, Summit","49043"
"2797","UT, Tooele","49045"
"2798","UT, Uintah","49047"
"2799","UT, Utah","49049"
"2800","UT, Wasatch","49051"
"2801","UT, Washington","49053"
"2802","UT, Wayne","49055"
"2803","UT, Weber","49057"
"2804","VT, Addison","50001"
"2805","VT, Bennington","50003"
"2806","VT, Caledonia","50005"
"2807","VT, Chittenden","50007"
"2808","VT, Essex","50009"
"2809","VT, Franklin","50011"
"2810","VT, Grand Isle","50013"
"2811","VT, Lamoille","50015"
"2812","VT, Orange","50017"
"2813","VT, Orleans","50019"
"2814","VT, Rutland","50021"
"2815","VT, Washington","50023"
"2816","VT, Windham","50025"
"2817","VT, Windsor","50027"
"2818","VA, Accomack","51001"
"2819","VA, Albemarle","51003"
"2820","VA, Alleghany","51005"
"2821","VA, Amelia","51007"
"2822","VA, Amherst","51009"
"2823","VA, Appomattox","51011"
"2824","VA, Arlington","51013"
"2825","VA, Augusta","51015"
"2826","VA, Bath","51017"
"2827","VA, Bedford","51019"
"2828","VA, Bland","51021"
"2829","VA, Botetourt","51023"
"2830","VA, Brunswick","51025"
"2831","VA, Buchanan","51027"
"2832","VA, Buckingham","51029"
"2833","VA, Campbell","51031"
"2834","VA, Caroline","51033"
"2835","VA, Carroll","51035"
"2836","VA, Charles City","51036"
"2837","VA, Charlotte","51037"
"2838","VA, Chesterfield","51041"
"2839","VA, Clarke","51043"
"2840","VA, Craig","51045"
"2841","VA, Culpeper","51047"
"2842","VA, Cumberland","51049"
"2843","VA, Dickenson","51051"
"2844","VA, Dinwiddie","51053"
"2845","VA, Essex","51057"
"2846","VA, Fairfax","51059"
"2847","VA, Fauquier","51061"
"2848","VA, Floyd","51063"
"2849","VA, Fluvanna","51065"
"2850","VA, Franklin","51067"
"2851","VA, Frederick","51069"
"2852","VA, Giles","51071"
"2853","VA, Gloucester","51073"
"2854","VA, Goochland","51075"
"2855","VA, Grayson","51077"
"2856","VA, Greene","51079"
"2857","VA, Greensville","51081"
"2858","VA, Halifax","51083"
"2859","VA, Hanover","51085"
"2860","VA, Henrico","51087"
"2861","VA, Henry","51089"
"2862","VA, Highland","51091"
"2863","VA, Isle of Wight","51093"
"2864","VA, James City","51095"
"2865","VA, King and Queen","51097"
"2866","VA, King George","51099"
"2867","VA, King William","51101"
"2868","VA, Lancaster","51103"
"2869","VA, Lee","51105"
"2870","VA, Loudoun","51107"
"2871","VA, Louisa","51109"
"2872","VA, Lunenburg","51111"
"2873","VA, Madison","51113"
"2874","VA, Mathews","51115"
"2875","VA, Mecklenburg","51117"
"2876","VA, Middlesex","51119"
"2877","VA, Montgomery","51121"
"2878","VA, Nelson","51125"
"2879","VA, New Kent","51127"
"2880","VA, Northampton","51131"
"2881","VA, Northumberland","51133"
"2882","VA, Nottoway","51135"
"2883","VA, Orange","51137"
"2884","VA, Page","51139"
"2885","VA, Patrick","51141"
"2886","VA, Pittsylvania","51143"
"2887","VA, Powhatan","51145"
"2888","VA, Prince Edward","51147"
"2889","VA, Prince George","51149"
"2890","VA, Prince William","51153"
"2891","VA, Pulaski","51155"
"2892","VA, Rappahannock","51157"
"2893","VA, Richmond","51159"
"2894","VA, Roanoke","51161"
"2895","VA, Rockbridge","51163"
"2896","VA, Rockingham","51165"
"2897","VA, Russell","51167"
"2898","VA, Scott","51169"
"2899","VA, Shenandoah","51171"
"2900","VA, Smyth","51173"
"2901","VA, Southampton","51175"
"2902","VA, Spotsylvania","51177"
"2903","VA, Stafford","51179"
"2904","VA, Surry","51181"
"2905","VA, Sussex","51183"
"2906","VA, Tazewell","51185"
"2907","VA, Warren","51187"
"2908","VA, Washington","51191"
"2909","VA, Westmoreland","51193"
"2910","VA, Wise","51195"
"2911","VA, Wythe","51197"
"2912","VA, York","51199"
"2913","VA, Alexandria","51510"
"2914","VA, Bedford","51515"
"2915","VA, Bristol","51520"
"2916","VA, Buena Vista","51530"
"2917","VA, Charlottesville","51540"
"2918","VA, Chesapeake","51550"
"2919","VA, Clifton Forge","51560"
"2920","VA, Colonial Heights","51570"
"2921","VA, Covington","51580"
"2922","VA, Danville","51590"
"2923","VA, Emporia","51595"
"2924","VA, Fairfax","51600"
"2925","VA, Falls Church","51610"
"2926","VA, Franklin","51620"
"2927","VA, Fredericksburg","51630"
"2928","VA, Galax","51640"
"2929","VA, Hampton","51650"
"2930","VA, Harrisonburg","51660"
"2931","VA, Hopewell","51670"
"2932","VA, Lexington","51678"
"2933","VA, Lynchburg","51680"
"2934","VA, Manassas","51683"
"2935","VA, Manassas Park","51685"
"2936","VA, Martinsville","51690"
"2937","VA, Newport News","51700"
"2938","VA, Norfolk","51710"
"2939","VA, Norton","51720"
"2940","VA, Petersburg","51730"
"2941","VA, Poquoson","51735"
"2942","VA, Portsmouth","51740"
"2943","VA, Radford","51750"
"2944","VA, Richmond","51760"
"2945","VA, Roanoke","51770"
"2946","VA, Salem","51775"
"2947","VA, South Boston","51780"
"2948","VA, Staunton","51790"
"2949","VA, Suffolk","51800"
"2950","VA, Virginia Beach","51810"
"2951","VA, Waynesboro","51820"
"2952","VA, Williamsburg","51830"
"2953","VA, Winchester","51840"
"2954","WA, Adams","53001"
"2955","WA, Asotin","53003"
"2956","WA, Benton","53005"
"2957","WA, Chelan","53007"
"2958","WA, Clallam","53009"
"2959","WA, Clark","53011"
"2960","WA, Columbia","53013"
"2961","WA, Cowlitz","53015"
"2962","WA, Douglas","53017"
"2963","WA, Ferry","53019"
"2964","WA, Franklin","53021"
"2965","WA, Garfield","53023"
"2966","WA, Grant","53025"
"2967","WA, Grays Harbor","53027"
"2968","WA, Island","53029"
"2969","WA, Jefferson","53031"
"2970","WA, King","53033"
"2971","WA, Kitsap","53035"
"2972","WA, Kittitas","53037"
"2973","WA, Klickitat","53039"
"2974","WA, Lewis","53041"
"2975","WA, Lincoln","53043"
"2976","WA, Mason","53045"
"2977","WA, Okanogan","53047"
"2978","WA, Pacific","53049"
"2979","WA, Pend Oreille","53051"
"2980","WA, Pierce","53053"
"2981","WA, San Juan","53055"
"2982","WA, Skagit","53057"
"2983","WA, Skamania","53059"
"2984","WA, Snohomish","53061"
"2985","WA, Spokane","53063"
"2986","WA, Stevens","53065"
"2987","WA, Thurston","53067"
"2988","WA, Wahkiakum","53069"
"2989","WA, Walla Walla","53071"
"2990","WA, Whatcom","53073"
"2991","WA, Whitman","53075"
"2992","WA, Yakima","53077"
"2993","WV, Barbour","54001"
"2994","WV, Berkeley","54003"
"2995","WV, Boone","54005"
"2996","WV, Braxton","54007"
"2997","WV, Brooke","54009"
"2998","WV, Cabell","54011"
"2999","WV, Calhoun","54013"
"3000","WV, Clay","54015"
"3001","WV, Doddridge","54017"
"3002","WV, Fayette","54019"
"3003","WV, Gilmer","54021"
"3004","WV, Grant","54023"
"3005","WV, Greenbrier","54025"
"3006","WV, Hampshire","54027"
"3007","WV, Hancock","54029"
"3008","WV, Hardy","54031"
"3009","WV, Harrison","54033"
"3010","WV, Jackson","54035"
"3011","WV, Jefferson","54037"
"3012","WV, Kanawha","54039"
"3013","WV, Lewis","54041"
"3014","WV, Lincoln","54043"
"3015","WV, Logan","54045"
"3016","WV, McDowell","54047"
"3017","WV, Marion","54049"
"3018","WV, Marshall","54051"
"3019","WV, Mason","54053"
"3020","WV, Mercer","54055"
"3021","WV, Mineral","54057"
"3022","WV, Mingo","54059"
"3023","WV, Monongalia","54061"
"3024","WV, Monroe","54063"
"3025","WV, Morgan","54065"
"3026","WV, Nicholas","54067"
"3027","WV, Ohio","54069"
"3028","WV, Pendleton","54071"
"3029","WV, Pleasants","54073"
"3030","WV, Pocahontas","54075"
"3031","WV, Preston","54077"
"3032","WV, Putnam","54079"
"3033","WV, Raleigh","54081"
"3034","WV, Randolph","54083"
"3035","WV, Ritchie","54085"
"3036","WV, Roane","54087"
"3037","WV, Summers","54089"
"3038","WV, Taylor","54091"
"3039","WV, Tucker","54093"
"3040","WV, Tyler","54095"
"3041","WV, Upshur","54097"
"3042","WV, Wayne","54099"
"3043","WV, Webster","54101"
"3044","WV, Wetzel","54103"
"3045","WV, Wirt","54105"
"3046","WV, Wood","54107"
"3047","WV, Wyoming","54109"
"3048","WI, Adams","55001"
"3049","WI, Ashland","55003"
"3050","WI, Barron","55005"
"3051","WI, Bayfield","55007"
"3052","WI, Brown","55009"
"3053","WI, Buffalo","55011"
"3054","WI, Burnett","55013"
"3055","WI, Calumet","55015"
"3056","WI, Chippewa","55017"
"3057","WI, Clark","55019"
"3058","WI, Columbia","55021"
"3059","WI, Crawford","55023"
"3060","WI, Dane","55025"
"3061","WI, Dodge","55027"
"3062","WI, Door","55029"
"3063","WI, Douglas","55031"
"3064","WI, Dunn","55033"
"3065","WI, Eau Claire","55035"
"3066","WI, Florence","55037"
"3067","WI, Fond du Lac","55039"
"3068","WI, Forest","55041"
"3069","WI, Grant","55043"
"3070","WI, Green","55045"
"3071","WI, Green Lake","55047"
"3072","WI, Iowa","55049"
"3073","WI, Iron","55051"
"3074","WI, Jackson","55053"
"3075","WI, Jefferson","55055"
"3076","WI, Juneau","55057"
"3077","WI, Kenosha","55059"
"3078","WI, Kewaunee","55061"
"3079","WI, La Crosse","55063"
"3080","WI, Lafayette","55065"
"3081","WI, Langlade","55067"
"3082","WI, Lincoln","55069"
"3083","WI, Manitowoc","55071"
"3084","WI, Marathon","55073"
"3085","WI, Marinette","55075"
"3086","WI, Marquette","55077"
"3087","WI, Menominee","55078"
"3088","WI, Milwaukee","55079"
"3089","WI, Monroe","55081"
"3090","WI, Oconto","55083"
"3091","WI, Oneida","55085"
"3092","WI, Outagamie","55087"
"3093","WI, Ozaukee","55089"
"3094","WI, Pepin","55091"
"3095","WI, Pierce","55093"
"3096","WI, Polk","55095"
"3097","WI, Portage","55097"
"3098","WI, Price","55099"
"3099","WI, Racine","55101"
"3100","WI, Richland","55103"
"3101","WI, Rock","55105"
"3102","WI, Rusk","55107"
"3103","WI, St. Croix","55109"
"3104","WI, Sauk","55111"
"3105","WI, Sawyer","55113"
"3106","WI, Shawano","55115"
"3107","WI, Sheboygan","55117"
"3108","WI, Taylor","55119"
"3109","WI, Trempealeau","55121"
"3110","WI, Vernon","55123"
"3111","WI, Vilas","55125"
"3112","WI, Walworth","55127"
"3113","WI, Washburn","55129"
"3114","WI, Washington","55131"
"3115","WI, Waukesha","55133"
"3116","WI, Waupaca","55135"
"3117","WI, Waushara","55137"
"3118","WI, Winnebago","55139"
"3119","WI, Wood","55141"
"3120","WY, Albany","56001"
"3121","WY, Big Horn","56003"
"3122","WY, Campbell","56005"
"3123","WY, Carbon","56007"
"3124","WY, Converse","56009"
"3125","WY, Crook","56011"
"3126","WY, Fremont","56013"
"3127","WY, Goshen","56015"
"3128","WY, Hot Springs","56017"
"3129","WY, Johnson","56019"
"3130","WY, Laramie","56021"
"3131","WY, Lincoln","56023"
"3132","WY, Natrona","56025"
"3133","WY, Niobrara","56027"
"3134","WY, Park","56029"
"3135","WY, Platte","56031"
"3136","WY, Sheridan","56033"
"3137","WY, Sublette","56035"
"3138","WY, Sweetwater","56037"
"3139","WY, Teton","56039"
"3140","WY, Uinta","56041"
"3141","WY, Washakie","56043"
"3142","WY, Weston","56045"
"3143","PR, Adjuntas","72001"
"3144","PR, Aguada","72003"
"3145","PR, Aguadilla","72005"
"3146","PR, Aguas Buenas","72007"
"3147","PR, Aibonito","72009"
"3148","PR, Anasco","72011"
"3149","PR, Arecibo","72013"
"3150","PR, Arroyo","72015"
"3151","PR, Barceloneta","72017"
"3152","PR, Barranquitas","72019"
"3153","PR, Bayamo'n","72021"
"3154","PR, Cabo Rojo","72023"
"3155","PR, Caguas","72025"
"3156","PR, Camuy","72027"
"3157","PR, Canovanas","72029"
"3158","PR, Carolina","72031"
"3159","PR, Catano","72033"
"3160","PR, Cayey","72035"
"3161","PR, Ceiba","72037"
"3162","PR, Cidra","72041"
"3163","PR, Coamo","72043"
"3164","PR, Comerio","72045"
"3165","PR, Corozal","72047"
"3166","PR, Culebra","72049"
"3167","PR, Dorado","72051"
"3168","PR, Fajardo","72053"
"3169","PR, Florida","72054"
"3170","PR, Guanica","72055"
"3171","PR, Guayama","72057"
"3172","PR, Guayanilla","72059"
"3173","PR, Guaynabo","72061"
"3174","PR, Gurabo","72063"
"3175","PR, Hatillo","72065"
"3176","PR, Hormigueros","72067"
"3177","PR, Humacao","72069"
"3178","PR, Isabela","72071"
"3179","PR, Jayuya","72073"
"3180","PR, Juana Diaz","72075"
"3181","PR, Juncos","72077"
"3182","PR, Lajas","72079"
"3183","PR, Lares","72081"
"3184","PR, Las Marias","72083"
"3185","PR, Las Piedras","72085"
"3186","PR, Loiza","72087"
"3187","PR, Luquillo","72089"
"3188","PR, Manati","72091"
"3189","PR, Maricao","72093"
"3190","PR, Mayaguez","72097"
"3191","PR, Moca","72099"
"3192","PR, Morovis","72101"
"3193","PR, Naguabo","72103"
"3194","PR, Naranjito","72105"
"3195","PR, Orocovis","72107"
"3196","PR, Patillas","72109"
"3197","PR, Penuelas","72111"
"3198","PR, Ponce","72113"
"3199","PR, Quebradillas","72115"
"3200","PR, Rincon","72117"
"3201","PR, Rio Grande","72119"
"3202","PR, Sabana Grande","72121"
"3203","PR, Salinas","72123"
"3204","PR, San German","72125"
"3205","PR, San Juan","72127"
"3206","PR, San Lorenzo","72129"
"3207","PR, San Sebastian","72131"
"3208","PR, Santa Isabel","72133"
"3209","PR, Toa Alta","72135"
"3210","PR, Toa Baja","72137"
"3211","PR, Trujillo Alto","72139"
"3212","PR, Utuado","72141"
"3213","PR, Vega Alta","72143"
"3214","PR, Vega Baja","72145"
"3215","PR, Vieques","72147"
"3216","PR, Villalba","72149"
"3217","PR, Yabucoa","72151"
"3218","PR, Yauco","72153"
"3219","VI, St. Croix","78010"
"3220","VI, St. John","78020"
"3221","VI, St. Thomas","78030"
